address,name,size,origin,partner,similarity,neighbours
0x080024B4,FUN_080024b4,332,fresh-neighbour,,,3
0x08007FDC,FUN_08007fdc,136,fresh-neighbour,,,3
0x080080A4,FUN_080080a4,100,fresh-neighbour,,,3
0x0800811C,FUN_0800811c,116,fresh-neighbour,,,3
0x0800A484,FUN_0800a484,92,fresh-neighbour,,,3
0x0800AFF8,FUN_0800aff8,172,fresh-neighbour,,,3
0x0800B0A4,FUN_0800b0a4,46,fresh-neighbour,,,3
0x0800B0D4,FUN_0800b0d4,108,fresh-neighbour,,,3
0x0800B5B4,FUN_0800b5b4,134,fresh-neighbour,,,3
0x0800BEC0,FUN_0800bec0,88,fresh-neighbour,,,3
0x0800DC44,FUN_0800dc44,112,twin,0x0800DEA4,1.000000,
0x0800DD50,FUN_0800dd50,52,fresh-neighbour;twin,0x080357CC,0.884615,3
0x0800DEA4,FUN_0800dea4,112,twin,0x0800DC44,1.000000,
0x0801014C,FUN_0801014c,76,fresh-neighbour,,,4
0x0801019C,FUN_0801019c,60,fresh-neighbour,,,4
0x080101E8,FUN_080101e8,60,fresh-neighbour,,,3
0x0801262C,FUN_0801262c,100,fresh-neighbour,,,3
0x08012690,FUN_08012690,84,fresh-neighbour,,,4
0x08013098,FUN_08013098,60,fresh-neighbour,,,4
0x08013450,FUN_08013450,84,twin,0x080134A4,1.000000,
0x080134A4,FUN_080134a4,84,twin,0x08013450,1.000000,
0x08013824,FUN_08013824,196,fresh-neighbour,,,3
0x08013B9C,FUN_08013b9c,352,fresh-neighbour,,,4
0x080150D0,FUN_080150d0,64,fresh-neighbour,,,3
0x08015110,FUN_08015110,76,fresh-neighbour,,,4
0x08015A84,FUN_08015a84,114,fresh-neighbour,,,6
0x08018F58,FUN_08018f58,312,fresh-neighbour,,,4
0x08019090,FUN_08019090,464,fresh-neighbour,,,4
0x08019260,FUN_08019260,192,fresh-neighbour,,,4
0x08019320,FUN_08019320,164,fresh-neighbour,,,4
0x08019590,FUN_08019590,98,fresh-neighbour,,,8
0x0801983C,FUN_0801983c,168,fresh-neighbour,,,3
0x08019A80,FUN_08019a80,76,fresh-neighbour,,,3
0x08019B5C,FUN_08019b5c,112,fresh-neighbour,,,3
0x08019BCC,FUN_08019bcc,54,fresh-neighbour,,,3
0x0801D754,FUN_0801d754,136,fresh-neighbour,,,3
0x0801D818,FUN_0801d818,48,fresh-neighbour,,,4
0x08023778,FUN_08023778,26,twin,0x08023794,1.000000,
0x08023794,FUN_08023794,26,twin,0x08023778,1.000000,
0x080237B0,FUN_080237b0,184,fresh-neighbour,,,4
0x08025C18,FUN_08025c18,162,fresh-neighbour,,,3
0x08025FC0,FUN_08025fc0,116,twin,0x08026034,0.965517,
0x08026034,FUN_08026034,116,twin,0x08025FC0,0.965517,
0x080284D0,FUN_080284d0,132,fresh-neighbour,,,3
0x08028EC0,FUN_08028ec0,52,fresh-neighbour,,,3
0x08028EF4,FUN_08028ef4,88,fresh-neighbour,,,3
0x08028FB8,FUN_08028fb8,68,fresh-neighbour,,,3
0x08029088,FUN_08029088,108,fresh-neighbour,,,3
0x080290F4,FUN_080290f4,60,fresh-neighbour,,,4
0x08029130,FUN_08029130,44,fresh-neighbour,,,4
0x0802915C,FUN_0802915c,92,fresh-neighbour,,,3
0x080294E4,FUN_080294e4,52,fresh-neighbour,,,3
0x08029518,FUN_08029518,392,fresh-neighbour,,,3
0x0802A9F0,FUN_0802a9f0,296,twin,0x0802AB18,0.952703,
0x0802AB18,FUN_0802ab18,296,twin,0x0802A9F0,0.952703,
0x080308EC,FUN_080308ec,72,fresh-neighbour,,,4
0x08030AE4,FUN_08030ae4,56,fresh-neighbour,,,3
0x08030D0C,FUN_08030d0c,64,fresh-neighbour,,,4
0x08030D4C,FUN_08030d4c,56,fresh-neighbour,,,4
0x08030D84,FUN_08030d84,48,fresh-neighbour,,,4
0x08030DD8,FUN_08030dd8,56,fresh-neighbour,,,4
0x08031054,FUN_08031054,108,fresh-neighbour,,,3
0x080310C0,FUN_080310c0,116,fresh-neighbour,,,3
0x08031134,FUN_08031134,168,fresh-neighbour,,,3
0x08031204,FUN_08031204,56,fresh-neighbour,,,5
0x08031DDC,FUN_08031ddc,60,fresh-neighbour,,,4
0x08031E18,FUN_08031e18,40,fresh-neighbour,,,3
0x08032008,FUN_08032008,80,fresh-neighbour,,,4
0x08032168,FUN_08032168,84,fresh-neighbour,,,3
0x08032548,FUN_08032548,68,twin,0x0803258C,0.941176,
0x0803258C,FUN_0803258c,68,twin,0x08032548,0.941176,
0x0803389C,FUN_0803389c,56,fresh-neighbour,,,4
0x0803391C,FUN_0803391c,76,fresh-neighbour,,,3
0x08034FD0,FUN_08034fd0,80,fresh-neighbour,,,3
0x080350A8,FUN_080350a8,88,twin,0x08035230,0.977273,
0x08035168,FUN_08035168,68,twin,0x080351AC,0.941176,
0x080351AC,FUN_080351ac,68,twin,0x08035168,0.941176,
0x08035230,FUN_08035230,88,twin,0x080350A8,0.977273,
0x080357CC,FUN_080357cc,52,twin,0x0800DD50,0.884615,
0x08035D60,FUN_08035d60,58,twin,0x08035D9C,1.000000,
0x08035D9C,FUN_08035d9c,58,twin,0x08035D60,1.000000,
0x08035DE4,FUN_08035de4,80,twin,0x08035E38,0.900000,
0x08035E38,FUN_08035e38,80,twin,0x08035DE4,0.900000,
0x08037E7C,FUN_08037e7c,108,fresh-neighbour,,,3
0x08037EE8,FUN_08037ee8,52,fresh-neighbour,,,4
0x08038108,FUN_08038108,154,fresh-neighbour,,,3
0x080381A4,FUN_080381a4,84,fresh-neighbour,,,4
0x080383B8,FUN_080383b8,48,fresh-neighbour,,,4
0x080383E8,FUN_080383e8,56,fresh-neighbour,,,3
0x08038608,FUN_08038608,60,twin,0x08038644,0.866667,
0x08038644,FUN_08038644,60,twin,0x08038608,0.866667,
0x0803BFE4,FUN_0803bfe4,96,fresh-neighbour,,,4
0x0803C1B4,FUN_0803c1b4,88,fresh-neighbour,,,4
0x0803C20C,FUN_0803c20c,92,fresh-neighbour,,,3
0x0803C268,FUN_0803c268,92,twin,0x0803C2C4,0.913043,
0x0803C2C4,FUN_0803c2c4,92,twin,0x0803C268,0.913043,
0x0803C3D4,FUN_0803c3d4,44,fresh-neighbour,,,3
0x0803C400,GetOwnerSlot,92,fresh-neighbour,,,4
0x0803C5B4,FUN_0803c5b4,92,fresh-neighbour,,,5
0x0803C6B8,FUN_0803c6b8,80,fresh-neighbour,,,5
0x0803C708,FUN_0803c708,52,fresh-neighbour,,,5
0x0803C7EC,FUN_0803c7ec,80,fresh-neighbour,,,4
0x0803C840,FUN_0803c840,96,fresh-neighbour,,,3
0x0803F35C,FUN_0803f35c,350,fresh-neighbour,,,3
0x0803F78C,FUN_0803f78c,70,fresh-neighbour,,,4
0x0803F7F8,FUN_0803f7f8,36,twin,0x0803F85C,1.000000,
0x0803F85C,FUN_0803f85c,36,twin,0x0803F7F8,1.000000,
0x0803F8DC,FUN_0803f8dc,50,twin,0x0803F910,1.000000,
0x0803F910,FUN_0803f910,50,twin,0x0803F8DC,1.000000,
0x08041EF8,FUN_08041ef8,56,fresh-neighbour,,,4
0x08041F30,FUN_08041f30,92,fresh-neighbour,,,4
0x0804200C,FUN_0804200c,76,fresh-neighbour,,,3
0x08042144,FUN_08042144,96,fresh-neighbour,,,3
0x080423D0,FUN_080423d0,40,fresh-neighbour,,,3
0x08042470,FUN_08042470,56,fresh-neighbour,,,4
0x08042574,FUN_08042574,180,fresh-neighbour,,,4
0x08042628,FUN_08042628,196,fresh-neighbour,,,4
0x080426EC,FUN_080426ec,150,fresh-neighbour,,,3
0x080480F4,FUN_080480f4,836,twin,0x08048438,0.988038,
0x08048438,FUN_08048438,836,twin,0x080480F4,0.988038,
0x0804FEE4,FUN_0804fee4,28,twin,0x080500DC,1.000000,
0x0804FFD8,FUN_0804ffd8,78,fresh-neighbour,,,3
0x08050040,FUN_08050040,62,fresh-neighbour,,,3
0x080500DC,FUN_080500dc,28,twin,0x0804FEE4,1.000000,
0x08050130,FUN_08050130,96,fresh-neighbour,,,4
0x080501C8,FUN_080501c8,192,fresh-neighbour,,,3
0x0805063C,FUN_0805063c,440,fresh-neighbour,,,3
0x08050A48,FUN_08050a48,68,fresh-neighbour,,,4
0x080512BC,FUN_080512bc,68,fresh-neighbour,,,4
0x0805131C,FUN_0805131c,62,fresh-neighbour,,,5
0x080521C4,FUN_080521c4,100,fresh-neighbour,,,3
0x080554C0,FUN_080554c0,84,fresh-neighbour,,,3
0x08055A24,ListHasFrame,68,fresh-neighbour,,,6
0x08055D90,FUN_08055d90,98,fresh-neighbour,,,4
0x08055DF4,FUN_08055df4,96,fresh-neighbour,,,3
0x08058140,FUN_08058140,116,twin,0x080581B4,0.965517,
0x080581B4,FUN_080581b4,116,twin,0x08058140,0.965517,
0x08059FE8,FUN_08059fe8,58,twin,0x0805A070,0.931034,
0x0805A070,FUN_0805a070,58,twin,0x08059FE8,0.931034,
0x0805AB90,FUN_0805ab90,76,fresh-neighbour;twin,0x0805AEFC,0.947368,3
0x0805ABDC,FUN_0805abdc,52,fresh-neighbour;twin,0x0805AC10,0.923077,4
0x0805AC10,FUN_0805ac10,52,fresh-neighbour;twin,0x0805ABDC,0.923077,4
0x0805AD10,FUN_0805ad10,86,fresh-neighbour;twin,0x0805AD68,1.000000,3
0x0805AD68,FUN_0805ad68,86,fresh-neighbour;twin,0x0805AD10,1.000000,3
0x0805AEFC,FUN_0805aefc,76,twin,0x0805AB90,0.947368,
0x0805B2A4,FUN_0805b2a4,24,twin,0x0805B854,0.916667,
0x0805B388,FUN_0805b388,130,twin,0x0805B484,0.969231,
0x0805B484,FUN_0805b484,130,twin,0x0805B388,0.969231,
0x0805B854,FUN_0805b854,24,twin,0x0805B2A4,0.916667,
0x0805E61C,FUN_0805e61c,92,fresh-neighbour,,,3
0x0805E68C,FUN_0805e68c,56,fresh-neighbour,,,3
0x0805E700,FUN_0805e700,200,fresh-neighbour,,,3
0x080621F0,FUN_080621f0,82,fresh-neighbour,,,3
0x08062244,FUN_08062244,78,fresh-neighbour,,,4
0x080623AC,FUN_080623ac,56,fresh-neighbour,,,4
0x0806240C,FUN_0806240c,80,fresh-neighbour,,,4
0x0806245C,FUN_0806245c,92,fresh-neighbour;twin,0x080624B8,0.978261,3
0x080624B8,FUN_080624b8,92,twin,0x0806245C,0.978261,
0x0806254C,FUN_0806254c,84,fresh-neighbour,,,3
0x080625A0,FUN_080625a0,48,fresh-neighbour,,,3
0x080625D0,FUN_080625d0,92,fresh-neighbour,,,3
0x08063C88,FUN_08063c88,28,twin,0x08063D3C,0.857143,
0x08063D3C,FUN_08063d3c,28,twin,0x08063C88,0.857143,
0x08063DE8,FUN_08063de8,44,fresh-neighbour,,,4
0x08067524,FUN_08067524,82,fresh-neighbour,,,4
0x08067578,FUN_08067578,86,fresh-neighbour,,,3
0x0806B88C,FUN_0806b88c,370,fresh-neighbour,,,4
0x0806BA18,FUN_0806ba18,234,fresh-neighbour,,,3
0x0806CA24,FUN_0806ca24,74,twin,0x0806CA70,1.000000,
0x0806CA70,FUN_0806ca70,74,twin,0x0806CA24,1.000000,
0x0806CABC,FUN_0806cabc,76,twin,0x0806CB08,1.000000,
0x0806CB08,FUN_0806cb08,76,twin,0x0806CABC,1.000000,
0x0806CB54,FUN_0806cb54,74,twin,0x0806CA24,1.000000,
0x0806CBA0,FUN_0806cba0,74,twin,0x0806CA24,1.000000,
0x0806D810,FUN_0806d810,78,twin,0x0806D860,1.000000,
0x0806D860,FUN_0806d860,78,twin,0x0806D810,1.000000,
0x0806D8B0,FUN_0806d8b0,80,twin,0x0806D900,1.000000,
0x0806D900,FUN_0806d900,80,twin,0x0806D8B0,1.000000,
0x0806D950,FUN_0806d950,78,twin,0x0806D810,1.000000,
0x0806D9A0,FUN_0806d9a0,78,twin,0x0806D810,1.000000,
0x080716E8,FUN_080716e8,48,twin,0x08071D20,1.000000,
0x08071918,FUN_08071918,38,twin,0x08071A24,0.947368,
0x08071A24,FUN_08071a24,38,twin,0x08071918,0.947368,
0x08071B9C,_exit,32,twin,0x08071BBC,1.000000,
0x08071BBC,_kill,32,twin,0x08071B9C,1.000000,
0x08071C90,FUN_08071c90,52,twin,0x08071DB4,1.000000,
0x08071D20,FUN_08071d20,48,twin,0x080716E8,1.000000,
0x08071D8C,abort,32,twin,0x08071B9C,0.937500,
0x08071DB4,FUN_08071db4,52,twin,0x08071C90,1.000000,
0x08071DE8,FUN_08071de8,52,twin,0x08071C90,1.000000,
