address,name,size,calling_convention,external,thunk
0x080000C0,"AgbMain",52,"unknown",false,false
0x08000104,"IntrMain",276,"unknown",false,false
0x08000220,"VBlankIntr",312,"unknown",false,false
0x0800038C,"InitInterrupts",102,"unknown",false,false
0x08000430,"GameInit",652,"unknown",false,false
0x08000730,"NoOpVBlankFinalize",2,"unknown",false,false
0x08000734,"DummyIntr",2,"unknown",false,false
0x08000738,"RunVBlankTransfers",80,"unknown",false,false
0x08000798,"NoOpInterruptHelper",2,"unknown",false,false
0x0800079C,"VCountIntr",20,"unknown",false,false
0x080007B4,"ResetDisplayAndInterrupts",90,"unknown",false,false
0x0800082C,"InitSaveSystem",218,"unknown",false,false
0x0800091C,"ReadEepromBytes",200,"unknown",false,false
0x080009EC,"WriteEepromBytes",262,"unknown",false,false
0x08000B00,"WriteSaveSlot",108,"unknown",false,false
0x08000B78,"ReadSaveSlot",94,"unknown",false,false
0x08000BE4,"IsSaveSlotValid",24,"unknown",false,false
0x08000C00,"ReadSaveMetadata",18,"unknown",false,false
0x08000C14,"WriteSaveMetadata",18,"unknown",false,false
0x08000C28,"InitSaveManager",202,"unknown",false,false
0x08000D20,"LoadSaveSlot",88,"unknown",false,false
0x08000D80,"WriteGameSaveSlot",84,"unknown",false,false
0x08000DDC,"ReadEepromRange",300,"unknown",false,false
0x08000F1C,"WriteEepromRange",356,"unknown",false,false
0x08001094,"EraseSaveSlot",58,"unknown",false,false
0x080010D4,"GetSaveSlotHeader",30,"unknown",false,false
0x080010F8,"ReadU8",4,"unknown",false,false
0x080010FC,"ReadU16LE",12,"unknown",false,false
0x08001108,"ReadU32LE",24,"unknown",false,false
0x08001120,"WriteU8",4,"unknown",false,false
0x08001124,"WriteU16LE",12,"unknown",false,false
0x08001130,"WriteU32LE",28,"unknown",false,false
0x0800114C,"BuildActiveMenuItems",146,"unknown",false,false
0x080011EC,"DrawMenuItems",408,"unknown",false,false
0x080013AC,"InitMenuScreen",138,"unknown",false,false
0x08001458,"RunMenuScreen",956,"unknown",false,false
0x08001A00,"FUN_08001a00",728,"unknown",false,false
0x08001DC0,"ResetMenuState",44,"unknown",false,false
0x08001E00,"IsMenuFlagSet",22,"unknown",false,false
0x08001E1C,"FinalizeMenuLayout",18,"unknown",false,false
0x08001E30,"LoadMenuGraphics",78,"unknown",false,false
0x08001EA4,"ClearMenuVram",48,"unknown",false,false
0x08001EE4,"EnableMenuDisplay",12,"unknown",false,false
0x08001EF4,"EnableMenuDisplayAlt",12,"unknown",false,false
0x08001F04,"FUN_08001f04",636,"unknown",false,false
0x08002194,"FUN_08002194",558,"unknown",false,false
0x080023F0,"FUN_080023f0",148,"unknown",false,false
0x080024B4,"FUN_080024b4",250,"unknown",false,false
0x08002600,"FUN_08002600",220,"unknown",false,false
0x080026F8,"FUN_080026f8",1364,"unknown",false,false
0x08002C96,"FUN_08002c96",53,"unknown",false,false
0x08003008,"FUN_08003008",53,"unknown",false,false
0x0800309E,"FUN_0800309e",77,"unknown",false,false
0x080031EA,"FUN_080031ea",14,"unknown",false,false
0x080032B8,"FUN_080032b8",8,"unknown",false,false
0x080033D2,"FUN_080033d2",40,"unknown",false,false
0x080033FA,"FUN_080033fa",68,"unknown",false,false
0x08003454,"FUN_08003454",124,"unknown",false,false
0x080034EC,"FUN_080034ec",106,"unknown",false,false
0x0800355C,"FUN_0800355c",734,"unknown",false,false
0x080038C4,"FUN_080038c4",172,"unknown",false,false
0x08003984,"FUN_08003984",566,"unknown",false,false
0x08003C14,"FUN_08003c14",124,"unknown",false,false
0x08003CB4,"FUN_08003cb4",750,"unknown",false,false
0x08003FF0,"FUN_08003ff0",226,"unknown",false,false
0x08004100,"FUN_08004100",84,"unknown",false,false
0x08004168,"FUN_08004168",138,"unknown",false,false
0x08004214,"FUN_08004214",98,"unknown",false,false
0x08004280,"FUN_08004280",624,"unknown",false,false
0x0800450C,"FUN_0800450c",392,"unknown",false,false
0x080046DC,"FUN_080046dc",1018,"unknown",false,false
0x08004B48,"FUN_08004b48",326,"unknown",false,false
0x08004CB0,"FUN_08004cb0",328,"unknown",false,false
0x08004E0C,"FUN_08004e0c",318,"unknown",false,false
0x08004F74,"FUN_08004f74",1218,"unknown",false,false
0x08005532,"FUN_08005532",1752,"unknown",false,false
0x08005D02,"FUN_08005d02",84,"unknown",false,false
0x08005D70,"FUN_08005d70",264,"unknown",false,false
0x08005E8C,"FUN_08005e8c",186,"unknown",false,false
0x08005F5C,"FUN_08005f5c",16,"unknown",false,false
0x08005F74,"FUN_08005f74",44,"unknown",false,false
0x08005FA8,"FUN_08005fa8",24,"unknown",false,false
0x08005FC4,"FUN_08005fc4",10,"unknown",false,false
0x08005FE0,"FUN_08005fe0",56,"unknown",false,false
0x08006028,"FUN_08006028",58,"unknown",false,false
0x0800607C,"FUN_0800607c",18,"unknown",false,false
0x08006124,"FUN_08006124",66,"unknown",false,false
0x08006210,"FUN_08006210",88,"unknown",false,false
0x08006278,"FUN_08006278",34,"unknown",false,false
0x080066A8,"FUN_080066a8",614,"unknown",false,false
0x08006940,"FUN_08006940",894,"unknown",false,false
0x08006D40,"FUN_08006d40",122,"unknown",false,false
0x080074A4,"FUN_080074a4",322,"unknown",false,false
0x0800760C,"FUN_0800760c",200,"unknown",false,false
0x08007ABC,"FUN_08007abc",646,"unknown",false,false
0x08007DC4,"FUN_08007dc4",260,"unknown",false,false
0x08007FDC,"FUN_08007fdc",114,"unknown",false,false
0x08008064,"FUN_08008064",44,"unknown",false,false
0x08008094,"FUN_08008094",14,"unknown",false,false
0x08008108,"FUN_08008108",16,"unknown",false,false
0x0800811C,"FUN_0800811c",96,"unknown",false,false
0x08008190,"FUN_08008190",30,"unknown",false,false
0x080081D4,"FUN_080081d4",110,"unknown",false,false
0x08008250,"FUN_08008250",114,"unknown",false,false
0x080082C4,"FUN_080082c4",54,"unknown",false,false
0x08008304,"FUN_08008304",68,"unknown",false,false
0x080083E4,"FUN_080083e4",140,"unknown",false,false
0x08008490,"FUN_08008490",198,"unknown",false,false
0x0800858C,"FUN_0800858c",348,"unknown",false,false
0x08008728,"FUN_08008728",180,"unknown",false,false
0x080087F4,"FUN_080087f4",96,"unknown",false,false
0x0800886C,"FUN_0800886c",52,"unknown",false,false
0x08008934,"FUN_08008934",106,"unknown",false,false
0x080089B0,"FUN_080089b0",108,"unknown",false,false
0x08008A28,"FUN_08008a28",328,"unknown",false,false
0x08008B88,"FUN_08008b88",88,"unknown",false,false
0x08008BF4,"FUN_08008bf4",48,"unknown",false,false
0x08008C34,"FUN_08008c34",40,"unknown",false,false
0x08008E68,"FUN_08008e68",122,"unknown",false,false
0x08008F14,"FUN_08008f14",86,"unknown",false,false
0x08008F74,"FUN_08008f74",628,"unknown",false,false
0x08009BE2,"FUN_08009be2",16,"unknown",false,false
0x08009BF8,"FUN_08009bf8",1852,"unknown",false,false
0x0800A470,"FUN_0800a470",16,"unknown",false,false
0x0800A484,"FUN_0800a484",70,"unknown",false,false
0x0800A4E0,"FUN_0800a4e0",816,"unknown",false,false
0x0800A8A8,"FUN_0800a8a8",120,"unknown",false,false
0x0800A930,"FUN_0800a930",22,"unknown",false,false
0x0800A94C,"FUN_0800a94c",6,"unknown",false,false
0x0800A958,"FUN_0800a958",12,"unknown",false,false
0x0800A968,"FUN_0800a968",8,"unknown",false,false
0x0800A974,"FUN_0800a974",8,"unknown",false,false
0x0800A980,"FUN_0800a980",92,"unknown",false,false
0x0800A9E4,"FUN_0800a9e4",70,"unknown",false,false
0x0800AAD0,"FUN_0800aad0",6,"unknown",false,false
0x0800AADC,"FUN_0800aadc",8,"unknown",false,false
0x0800AAF4,"FUN_0800aaf4",50,"unknown",false,false
0x0800AB4C,"FUN_0800ab4c",16,"unknown",false,false
0x0800AB60,"FUN_0800ab60",12,"unknown",false,false
0x0800AB6C,"FUN_0800ab6c",12,"unknown",false,false
0x0800AB88,"FUN_0800ab88",960,"unknown",false,false
0x0800AF48,"FUN_0800af48",174,"unknown",false,false
0x0800B0D4,"FUN_0800b0d4",96,"unknown",false,false
0x0800B140,"FUN_0800b140",44,"unknown",false,false
0x0800B16C,"FUN_0800b16c",280,"unknown",false,false
0x0800B284,"FUN_0800b284",758,"unknown",false,false
0x0800B57C,"FUN_0800b57c",54,"unknown",false,false
0x0800B63C,"FUN_0800b63c",528,"unknown",false,false
0x0800B850,"FUN_0800b850",336,"unknown",false,false
0x0800B9A0,"FUN_0800b9a0",1040,"unknown",false,false
0x0800BDB0,"FUN_0800bdb0",72,"unknown",false,false
0x0800BDF8,"FUN_0800bdf8",198,"unknown",false,false
0x0800BF18,"FUN_0800bf18",518,"unknown",false,false
0x0800C124,"FUN_0800c124",16,"unknown",false,false
0x0800C134,"FUN_0800c134",74,"unknown",false,false
0x0800C180,"FUN_0800c180",314,"unknown",false,false
0x0800C4BC,"FUN_0800c4bc",290,"unknown",false,false
0x0800C690,"FUN_0800c690",106,"unknown",false,false
0x0800C700,"FUN_0800c700",240,"unknown",false,false
0x0800C804,"FUN_0800c804",274,"unknown",false,false
0x0800C924,"FUN_0800c924",80,"unknown",false,false
0x0800C97C,"FUN_0800c97c",150,"unknown",false,false
0x0800CA20,"FUN_0800ca20",76,"unknown",false,false
0x0800CA78,"FUN_0800ca78",28,"unknown",false,false
0x0800CA98,"FUN_0800ca98",66,"unknown",false,false
0x0800CAE4,"FUN_0800cae4",24,"unknown",false,false
0x0800CB08,"FUN_0800cb08",258,"unknown",false,false
0x0800CC64,"FUN_0800cc64",832,"unknown",false,false
0x0800CFC8,"FUN_0800cfc8",312,"unknown",false,false
0x0800D118,"FUN_0800d118",786,"unknown",false,false
0x0800D450,"FUN_0800d450",216,"unknown",false,false
0x0800D530,"FUN_0800d530",282,"unknown",false,false
0x0800D660,"FUN_0800d660",606,"unknown",false,false
0x0800D904,"FUN_0800d904",574,"unknown",false,false
0x0800DB60,"FUN_0800db60",24,"unknown",false,false
0x0800DB7C,"FUN_0800db7c",2,"unknown",false,false
0x0800DB80,"FUN_0800db80",72,"unknown",false,false
0x0800DBE8,"FUN_0800dbe8",30,"unknown",false,false
0x0800DC0C,"FUN_0800dc0c",48,"unknown",false,false
0x0800DC44,"FUN_0800dc44",108,"unknown",false,false
0x0800DCB4,"FUN_0800dcb4",136,"unknown",false,false
0x0800DD50,"FUN_0800dd50",36,"unknown",false,false
0x0800DEA4,"FUN_0800dea4",108,"unknown",false,false
0x0800DF14,"FUN_0800df14",1164,"unknown",false,false
0x0800E3D4,"FUN_0800e3d4",508,"unknown",false,false
0x0800E5F8,"FUN_0800e5f8",156,"unknown",false,false
0x0800E69C,"FUN_0800e69c",234,"unknown",false,false
0x0800E794,"FUN_0800e794",190,"unknown",false,false
0x0800E878,"FUN_0800e878",584,"unknown",false,false
0x0800EAE0,"FUN_0800eae0",230,"unknown",false,false
0x0800EC00,"FUN_0800ec00",624,"unknown",false,false
0x0800EEA0,"FUN_0800eea0",4340,"unknown",false,false
0x0801001A,"FUN_0801001a",150,"unknown",false,false
0x080100BC,"FUN_080100bc",18,"unknown",false,false
0x080100D0,"FUN_080100d0",82,"unknown",false,false
0x0801014C,"FUN_0801014c",60,"unknown",false,false
0x08010198,"FUN_08010198",2,"unknown",false,false
0x0801019C,"FUN_0801019c",42,"unknown",false,false
0x080101D8,"FUN_080101d8",10,"unknown",false,false
0x080101E4,"FUN_080101e4",2,"unknown",false,false
0x080101E8,"FUN_080101e8",60,"unknown",false,false
0x08010224,"FUN_08010224",36,"unknown",false,false
0x08010254,"FUN_08010254",506,"unknown",false,false
0x080104C0,"FUN_080104c0",952,"unknown",false,false
0x080108F4,"FUN_080108f4",3076,"unknown",false,false
0x08011626,"FUN_08011626",16,"unknown",false,false
0x08011638,"FUN_08011638",604,"unknown",false,false
0x08011920,"FUN_08011920",216,"unknown",false,false
0x08011A10,"FUN_08011a10",212,"unknown",false,false
0x08011B0C,"FUN_08011b0c",192,"unknown",false,false
0x08011CF4,"FUN_08011cf4",18,"unknown",false,false
0x08011D14,"FUN_08011d14",28,"unknown",false,false
0x08011D38,"FUN_08011d38",10,"unknown",false,false
0x08011D4C,"FUN_08011d4c",2,"unknown",false,false
0x08011D50,"FUN_08011d50",16,"unknown",false,false
0x08011D6C,"FUN_08011d6c",4,"unknown",false,false
0x08011D70,"FUN_08011d70",82,"unknown",false,false
0x08011DD4,"FUN_08011dd4",142,"unknown",false,false
0x08011EC4,"FUN_08011ec4",82,"unknown",false,false
0x08011F3C,"FUN_08011f3c",82,"unknown",false,false
0x08011FAC,"FUN_08011fac",8,"unknown",false,false
0x08011FB8,"FUN_08011fb8",156,"unknown",false,false
0x08012068,"FUN_08012068",152,"unknown",false,false
0x08012120,"FUN_08012120",98,"unknown",false,false
0x08012198,"FUN_08012198",140,"unknown",false,false
0x08012248,"FUN_08012248",130,"unknown",false,false
0x080122E0,"FUN_080122e0",116,"unknown",false,false
0x08012364,"FUN_08012364",130,"unknown",false,false
0x080123F8,"FUN_080123f8",122,"unknown",false,false
0x08012480,"FUN_08012480",104,"unknown",false,false
0x08012504,"FUN_08012504",38,"unknown",false,false
0x08012544,"FUN_08012544",40,"unknown",false,false
0x08012578,"FUN_08012578",18,"unknown",false,false
0x080125B4,"FUN_080125b4",52,"unknown",false,false
0x08012618,"FUN_08012618",14,"unknown",false,false
0x0801262C,"FUN_0801262c",90,"unknown",false,false
0x08012690,"FUN_08012690",70,"unknown",false,false
0x080126E4,"FUN_080126e4",98,"unknown",false,false
0x08012750,"FUN_08012750",72,"unknown",false,false
0x080127A0,"FUN_080127a0",2,"unknown",false,false
0x080127A8,"FUN_080127a8",68,"unknown",false,false
0x080127FC,"FUN_080127fc",10,"unknown",false,false
0x08012808,"FUN_08012808",36,"unknown",false,false
0x0801282C,"FUN_0801282c",106,"unknown",false,false
0x08012898,"FUN_08012898",40,"unknown",false,false
0x080128C0,"FUN_080128c0",60,"unknown",false,false
0x080128FC,"FUN_080128fc",10,"unknown",false,false
0x08012908,"FUN_08012908",28,"unknown",false,false
0x08012924,"FUN_08012924",32,"unknown",false,false
0x08012968,"FUN_08012968",114,"unknown",false,false
0x08012A00,"FUN_08012a00",152,"unknown",false,false
0x08012A98,"FUN_08012a98",10,"unknown",false,false
0x08012AA4,"FUN_08012aa4",104,"unknown",false,false
0x08012B9C,"FUN_08012b9c",98,"unknown",false,false
0x08012C0C,"FUN_08012c0c",60,"unknown",false,false
0x08012C54,"FUN_08012c54",24,"unknown",false,false
0x08012C74,"FUN_08012c74",98,"unknown",false,false
0x08012E18,"FUN_08012e18",82,"unknown",false,false
0x08012E78,"FUN_08012e78",230,"unknown",false,false
0x08012F88,"FUN_08012f88",118,"unknown",false,false
0x08013010,"FUN_08013010",118,"unknown",false,false
0x08013098,"FUN_08013098",40,"unknown",false,false
0x080130D4,"FUN_080130d4",16,"unknown",false,false
0x080130F4,"FUN_080130f4",150,"unknown",false,false
0x080131A4,"FUN_080131a4",64,"unknown",false,false
0x08013298,"FUN_08013298",104,"unknown",false,false
0x08013308,"FUN_08013308",132,"unknown",false,false
0x080133A8,"FUN_080133a8",114,"unknown",false,false
0x08013434,"FUN_08013434",22,"unknown",false,false
0x08013450,"FUN_08013450",78,"unknown",false,false
0x080134FC,"FUN_080134fc",32,"unknown",false,false
0x08013520,"FUN_08013520",110,"unknown",false,false
0x080135A0,"FUN_080135a0",132,"unknown",false,false
0x0801362C,"FUN_0801362c",172,"unknown",false,false
0x08013704,"FUN_08013704",136,"unknown",false,false
0x080137A4,"FUN_080137a4",108,"unknown",false,false
0x08013824,"FUN_08013824",170,"unknown",false,false
0x080138E8,"FUN_080138e8",10,"unknown",false,false
0x08013900,"FUN_08013900",96,"unknown",false,false
0x08013974,"FUN_08013974",20,"unknown",false,false
0x0801398C,"FUN_0801398c",32,"unknown",false,false
0x080139B0,"FUN_080139b0",26,"unknown",false,false
0x08013A28,"FUN_08013a28",30,"unknown",false,false
0x08013A48,"FUN_08013a48",38,"unknown",false,false
0x08013ABC,"FUN_08013abc",200,"unknown",false,false
0x08013B9C,"FUN_08013b9c",348,"unknown",false,false
0x08013CFC,"FUN_08013cfc",780,"unknown",false,false
0x08014040,"FUN_08014040",176,"unknown",false,false
0x08014108,"FUN_08014108",342,"unknown",false,false
0x080144C0,"FUN_080144c0",508,"unknown",false,false
0x080146E8,"FUN_080146e8",178,"unknown",false,false
0x080147B4,"FUN_080147b4",98,"unknown",false,false
0x08014820,"FUN_08014820",122,"unknown",false,false
0x080148B0,"FUN_080148b0",1242,"unknown",false,false
0x08014E48,"FUN_08014e48",154,"unknown",false,false
0x08014EE4,"FUN_08014ee4",118,"unknown",false,false
0x08014FA0,"FUN_08014fa0",10,"unknown",false,false
0x08014FAC,"FUN_08014fac",8,"unknown",false,false
0x08014FC4,"FUN_08014fc4",46,"unknown",false,false
0x08014FFC,"FUN_08014ffc",56,"unknown",false,false
0x08015038,"FUN_08015038",68,"unknown",false,false
0x0801508C,"FUN_0801508c",40,"unknown",false,false
0x080150B4,"FUN_080150b4",26,"unknown",false,false
0x08015110,"FUN_08015110",72,"unknown",false,false
0x0801515C,"FUN_0801515c",94,"unknown",false,false
0x080151C0,"FUN_080151c0",114,"unknown",false,false
0x0801528C,"FUN_0801528c",40,"unknown",false,false
0x080154D8,"FUN_080154d8",184,"unknown",false,false
0x08015598,"FUN_08015598",506,"unknown",false,false
0x080157B8,"FUN_080157b8",120,"unknown",false,false
0x08015834,"FUN_08015834",336,"unknown",false,false
0x080159A0,"FUN_080159a0",222,"unknown",false,false
0x08015A84,"FUN_08015a84",114,"unknown",false,false
0x08015AF8,"FUN_08015af8",2336,"unknown",false,false
0x08016446,"FUN_08016446",644,"unknown",false,false
0x080166E8,"FUN_080166e8",128,"unknown",false,false
0x08016768,"FUN_08016768",160,"unknown",false,false
0x08016808,"FUN_08016808",98,"unknown",false,false
0x0801686C,"FUN_0801686c",272,"unknown",false,false
0x08016990,"FUN_08016990",566,"unknown",false,false
0x0801728E,"FUN_0801728e",16,"unknown",false,false
0x08017D78,"FUN_08017d78",194,"unknown",false,false
0x08017E3C,"FUN_08017e3c",306,"unknown",false,false
0x08017F74,"FUN_08017f74",266,"unknown",false,false
0x08018F58,"FUN_08018f58",280,"unknown",false,false
0x08019090,"FUN_08019090",312,"unknown",false,false
0x08019320,"FUN_08019320",144,"unknown",false,false
0x080193C4,"FUN_080193c4",130,"unknown",false,false
0x08019450,"FUN_08019450",20,"unknown",false,false
0x08019464,"FUN_08019464",44,"unknown",false,false
0x08019490,"FUN_08019490",34,"unknown",false,false
0x080194B4,"FUN_080194b4",64,"unknown",false,false
0x080194F4,"FUN_080194f4",28,"unknown",false,false
0x08019510,"FUN_08019510",26,"unknown",false,false
0x0801952C,"FUN_0801952c",88,"unknown",false,false
0x08019590,"FUN_08019590",94,"unknown",false,false
0x080195F4,"FUN_080195f4",44,"unknown",false,false
0x08019620,"FUN_08019620",68,"unknown",false,false
0x08019670,"FUN_08019670",42,"unknown",false,false
0x0801969C,"FUN_0801969c",42,"unknown",false,false
0x080196C8,"FUN_080196c8",36,"unknown",false,false
0x080196EC,"FUN_080196ec",36,"unknown",false,false
0x08019710,"FUN_08019710",140,"unknown",false,false
0x080197FC,"FUN_080197fc",2,"unknown",false,false
0x08019800,"FUN_08019800",26,"unknown",false,false
0x0801983C,"FUN_0801983c",38,"unknown",false,false
0x080198E4,"FUN_080198e4",104,"unknown",false,false
0x0801994C,"FUN_0801994c",112,"unknown",false,false
0x080199BC,"FUN_080199bc",134,"unknown",false,false
0x08019A64,"FUN_08019a64",26,"unknown",false,false
0x08019A80,"FUN_08019a80",76,"unknown",false,false
0x08019B08,"FUN_08019b08",52,"unknown",false,false
0x08019B3C,"FUN_08019b3c",30,"unknown",false,false
0x08019B5C,"FUN_08019b5c",24,"unknown",false,false
0x08019BCC,"FUN_08019bcc",50,"unknown",false,false
0x08019C04,"FUN_08019c04",2,"unknown",false,false
0x08019C10,"FUN_08019c10",20,"unknown",false,false
0x08019C24,"FUN_08019c24",246,"unknown",false,false
0x08019D2C,"FUN_08019d2c",118,"unknown",false,false
0x08019DB0,"FUN_08019db0",312,"unknown",false,false
0x08019EF4,"FUN_08019ef4",404,"unknown",false,false
0x0801A094,"FUN_0801a094",268,"unknown",false,false
0x0801A2C8,"FUN_0801a2c8",140,"unknown",false,false
0x0801A354,"FUN_0801a354",512,"unknown",false,false
0x0801A560,"FUN_0801a560",392,"unknown",false,false
0x0801A6F0,"FUN_0801a6f0",964,"unknown",false,false
0x0801AACC,"FUN_0801aacc",1010,"unknown",false,false
0x0801AEE4,"FUN_0801aee4",4236,"unknown",false,false
0x0801C04A,"FUN_0801c04a",18,"unknown",false,false
0x0801C060,"FUN_0801c060",1476,"unknown",false,false
0x0801C678,"FUN_0801c678",1388,"unknown",false,false
0x0801CC54,"FUN_0801cc54",1206,"unknown",false,false
0x0801D150,"FUN_0801d150",546,"unknown",false,false
0x0801D380,"FUN_0801d380",934,"unknown",false,false
0x0801D754,"FUN_0801d754",116,"unknown",false,false
0x0801D7DC,"FUN_0801d7dc",28,"unknown",false,false
0x0801D7FC,"FUN_0801d7fc",6,"unknown",false,false
0x0801D818,"FUN_0801d818",48,"unknown",false,false
0x0801D848,"FUN_0801d848",34,"unknown",false,false
0x0801D86C,"FUN_0801d86c",18,"unknown",false,false
0x0801D8A0,"FUN_0801d8a0",6,"unknown",false,false
0x0801D8B0,"FUN_0801d8b0",10,"unknown",false,false
0x0801D8BC,"FUN_0801d8bc",98,"unknown",false,false
0x0801D920,"FUN_0801d920",26,"unknown",false,false
0x0801D93C,"FUN_0801d93c",78,"unknown",false,false
0x0801D990,"FUN_0801d990",42,"unknown",false,false
0x0801D9BC,"FUN_0801d9bc",120,"unknown",false,false
0x0801DA3C,"FUN_0801da3c",78,"unknown",false,false
0x0801DDCC,"FUN_0801ddcc",54,"unknown",false,false
0x0801DE0C,"FUN_0801de0c",434,"unknown",false,false
0x0801DFC8,"FUN_0801dfc8",1228,"unknown",false,false
0x0801E4D8,"FUN_0801e4d8",336,"unknown",false,false
0x0801E628,"FUN_0801e628",80,"unknown",false,false
0x0801E678,"FUN_0801e678",2496,"unknown",false,false
0x0801F098,"FUN_0801f098",2,"unknown",false,false
0x0801F09A,"FUN_0801f09a",16,"unknown",false,false
0x0801F0AC,"FUN_0801f0ac",1242,"unknown",false,false
0x0801F5A8,"FUN_0801f5a8",160,"unknown",false,false
0x0801F648,"FUN_0801f648",1308,"unknown",false,false
0x0801FB7C,"FUN_0801fb7c",470,"unknown",false,false
0x0801FD54,"FUN_0801fd54",446,"unknown",false,false
0x0802016C,"FUN_0802016c",878,"unknown",false,false
0x08020560,"FUN_08020560",798,"unknown",false,false
0x080208A8,"FUN_080208a8",490,"unknown",false,false
0x08020A9C,"FUN_08020a9c",210,"unknown",false,false
0x08020B70,"FUN_08020b70",480,"unknown",false,false
0x08020D5A,"FUN_08020d5a",1974,"unknown",false,false
0x08021588,"FUN_08021588",2,"unknown",false,false
0x0802158A,"FUN_0802158a",16,"unknown",false,false
0x0802159C,"FUN_0802159c",174,"unknown",false,false
0x0802164C,"FUN_0802164c",154,"unknown",false,false
0x080216EC,"FUN_080216ec",346,"unknown",false,false
0x08021854,"FUN_08021854",98,"unknown",false,false
0x08021914,"FUN_08021914",82,"unknown",false,false
0x08021968,"FUN_08021968",134,"unknown",false,false
0x08021A00,"FUN_08021a00",1436,"unknown",false,false
0x08021FD8,"FUN_08021fd8",962,"unknown",false,false
0x08022556,"FUN_08022556",381,"unknown",false,false
0x08022582,"FUN_08022582",1615,"unknown",false,false
0x08022C28,"FUN_08022c28",16,"unknown",false,false
0x08022C3C,"FUN_08022c3c",372,"unknown",false,false
0x08022DC4,"FUN_08022dc4",642,"unknown",false,false
0x08023060,"FUN_08023060",206,"unknown",false,false
0x08023130,"FUN_08023130",576,"unknown",false,false
0x0802338C,"FUN_0802338c",558,"unknown",false,false
0x080235CC,"FUN_080235cc",114,"unknown",false,false
0x08023660,"FUN_08023660",40,"unknown",false,false
0x0802368C,"FUN_0802368c",100,"unknown",false,false
0x080236F0,"FUN_080236f0",88,"unknown",false,false
0x08023868,"FUN_08023868",186,"unknown",false,false
0x0802392C,"FUN_0802392c",8,"unknown",false,false
0x08023938,"FUN_08023938",60,"unknown",false,false
0x08023974,"FUN_08023974",136,"unknown",false,false
0x08023A0C,"FUN_08023a0c",48,"unknown",false,false
0x08023A40,"FUN_08023a40",10,"unknown",false,false
0x08023A4C,"FUN_08023a4c",10,"unknown",false,false
0x08023A58,"FUN_08023a58",16,"unknown",false,false
0x08023A80,"FUN_08023a80",22,"unknown",false,false
0x08023AA0,"FUN_08023aa0",130,"unknown",false,false
0x08023CC4,"FUN_08023cc4",230,"unknown",false,false
0x08023DF0,"FUN_08023df0",590,"unknown",false,false
0x08024044,"FUN_08024044",122,"unknown",false,false
0x0802418C,"FUN_0802418c",1792,"unknown",false,false
0x080249F4,"FUN_080249f4",732,"unknown",false,false
0x08024CD8,"FUN_08024cd8",974,"unknown",false,false
0x08025340,"FUN_08025340",220,"unknown",false,false
0x08025424,"FUN_08025424",234,"unknown",false,false
0x08025518,"FUN_08025518",428,"unknown",false,false
0x080256E4,"FUN_080256e4",1252,"unknown",false,false
0x08025CBC,"FUN_08025cbc",76,"unknown",false,false
0x08025ED4,"FUN_08025ed4",112,"unknown",false,false
0x08025F48,"FUN_08025f48",112,"unknown",false,false
0x08025FC0,"FUN_08025fc0",110,"unknown",false,false
0x08026034,"FUN_08026034",110,"unknown",false,false
0x080260A8,"FUN_080260a8",1488,"unknown",false,false
0x08026698,"FUN_08026698",310,"unknown",false,false
0x080267D8,"FUN_080267d8",218,"unknown",false,false
0x08026AA0,"FUN_08026aa0",200,"unknown",false,false
0x08026B74,"FUN_08026b74",270,"unknown",false,false
0x08026C8C,"FUN_08026c8c",148,"unknown",false,false
0x08026D24,"FUN_08026d24",116,"unknown",false,false
0x08026D9C,"FUN_08026d9c",94,"unknown",false,false
0x08026E04,"FUN_08026e04",326,"unknown",false,false
0x08026F68,"FUN_08026f68",176,"unknown",false,false
0x08027150,"FUN_08027150",362,"unknown",false,false
0x080272C8,"FUN_080272c8",616,"unknown",false,false
0x08027548,"FUN_08027548",338,"unknown",false,false
0x080276AC,"FUN_080276ac",492,"unknown",false,false
0x080278B0,"FUN_080278b0",480,"unknown",false,false
0x08027AE8,"FUN_08027ae8",446,"unknown",false,false
0x08027CFC,"FUN_08027cfc",206,"unknown",false,false
0x08027DD8,"FUN_08027dd8",348,"unknown",false,false
0x08027F48,"FUN_08027f48",172,"unknown",false,false
0x08028014,"FUN_08028014",282,"unknown",false,false
0x08028144,"FUN_08028144",358,"unknown",false,false
0x080282BC,"FUN_080282bc",244,"unknown",false,false
0x080283B8,"FUN_080283b8",258,"unknown",false,false
0x080284D0,"FUN_080284d0",132,"unknown",false,false
0x08028554,"FUN_08028554",774,"unknown",false,false
0x08028894,"FUN_08028894",258,"unknown",false,false
0x080289B4,"FUN_080289b4",2,"unknown",false,false
0x080289B8,"FUN_080289b8",2,"unknown",false,false
0x080289BC,"FUN_080289bc",186,"unknown",false,false
0x08028A88,"FUN_08028a88",158,"unknown",false,false
0x08028C48,"FUN_08028c48",28,"unknown",false,false
0x08028C68,"FUN_08028c68",60,"unknown",false,false
0x08028CA8,"FUN_08028ca8",60,"unknown",false,false
0x08028CE8,"FUN_08028ce8",92,"unknown",false,false
0x08028D44,"FUN_08028d44",118,"unknown",false,false
0x08028DC4,"FUN_08028dc4",44,"unknown",false,false
0x08028DF4,"FUN_08028df4",62,"unknown",false,false
0x08028E3C,"FUN_08028e3c",40,"unknown",false,false
0x08028E6C,"FUN_08028e6c",26,"unknown",false,false
0x08028EC0,"FUN_08028ec0",46,"unknown",false,false
0x08028EF4,"FUN_08028ef4",84,"unknown",false,false
0x08028F4C,"FUN_08028f4c",66,"unknown",false,false
0x08028F98,"FUN_08028f98",26,"unknown",false,false
0x08028FB8,"FUN_08028fb8",68,"unknown",false,false
0x08028FFC,"FUN_08028ffc",24,"unknown",false,false
0x08029014,"FUN_08029014",58,"unknown",false,false
0x08029088,"FUN_08029088",98,"unknown",false,false
0x080290F4,"FUN_080290f4",54,"unknown",false,false
0x08029130,"FUN_08029130",44,"unknown",false,false
0x0802915C,"FUN_0802915c",82,"unknown",false,false
0x080291B8,"FUN_080291b8",106,"unknown",false,false
0x08029244,"FUN_08029244",80,"unknown",false,false
0x08029374,"FUN_08029374",24,"unknown",false,false
0x08029390,"FUN_08029390",104,"unknown",false,false
0x08029518,"FUN_08029518",322,"unknown",false,false
0x080296A0,"FUN_080296a0",550,"unknown",false,false
0x08029918,"FUN_08029918",120,"unknown",false,false
0x080299B0,"FUN_080299b0",192,"unknown",false,false
0x08029A88,"FUN_08029a88",158,"unknown",false,false
0x08029B3C,"FUN_08029b3c",206,"unknown",false,false
0x08029C20,"FUN_08029c20",242,"unknown",false,false
0x08029D44,"FUN_08029d44",202,"unknown",false,false
0x08029E44,"FUN_08029e44",1264,"unknown",false,false
0x0802A3F0,"FUN_0802a3f0",114,"unknown",false,false
0x0802A480,"FUN_0802a480",250,"unknown",false,false
0x0802A5B4,"FUN_0802a5b4",86,"unknown",false,false
0x0802A610,"FUN_0802a610",262,"unknown",false,false
0x0802A734,"FUN_0802a734",262,"unknown",false,false
0x0802A858,"FUN_0802a858",194,"unknown",false,false
0x0802A93C,"FUN_0802a93c",174,"unknown",false,false
0x0802A9F0,"FUN_0802a9f0",248,"unknown",false,false
0x0802AB18,"FUN_0802ab18",248,"unknown",false,false
0x0802AC40,"FUN_0802ac40",274,"unknown",false,false
0x0802AD8C,"FUN_0802ad8c",308,"unknown",false,false
0x0802AF40,"FUN_0802af40",178,"unknown",false,false
0x0802B01C,"FUN_0802b01c",368,"unknown",false,false
0x0802B1E4,"FUN_0802b1e4",202,"unknown",false,false
0x0802B2B4,"FUN_0802b2b4",216,"unknown",false,false
0x0802B484,"FUN_0802b484",94,"unknown",false,false
0x0802B4E8,"FUN_0802b4e8",998,"unknown",false,false
0x0802B950,"FUN_0802b950",1076,"unknown",false,false
0x0802BDF0,"FUN_0802bdf0",8232,"unknown",false,false
0x0802DE60,"FUN_0802de60",16,"unknown",false,false
0x0802DE70,"FUN_0802de70",138,"unknown",false,false
0x0802DF18,"FUN_0802df18",238,"unknown",false,false
0x0802E048,"FUN_0802e048",106,"unknown",false,false
0x0802E0DC,"FUN_0802e0dc",316,"unknown",false,false
0x0802E218,"FUN_0802e218",204,"unknown",false,false
0x0802E2E4,"FUN_0802e2e4",268,"unknown",false,false
0x0802E3FC,"FUN_0802e3fc",1444,"unknown",false,false
0x0802E9E4,"FUN_0802e9e4",172,"unknown",false,false
0x0802EAD4,"FUN_0802ead4",92,"unknown",false,false
0x0802EB50,"FUN_0802eb50",118,"unknown",false,false
0x0802EBDC,"FUN_0802ebdc",170,"unknown",false,false
0x0802ECA4,"FUN_0802eca4",562,"unknown",false,false
0x0802EF3C,"FUN_0802ef3c",248,"unknown",false,false
0x0802F050,"FUN_0802f050",246,"unknown",false,false
0x0802F3D4,"FUN_0802f3d4",194,"unknown",false,false
0x0802F4A0,"FUN_0802f4a0",154,"unknown",false,false
0x0802F55C,"FUN_0802f55c",772,"unknown",false,false
0x0802F95C,"FUN_0802f95c",578,"unknown",false,false
0x0802FBC0,"FUN_0802fbc0",368,"unknown",false,false
0x0802FD48,"FUN_0802fd48",140,"unknown",false,false
0x0802FDF0,"FUN_0802fdf0",70,"unknown",false,false
0x0802FE44,"FUN_0802fe44",452,"unknown",false,false
0x0803004C,"FUN_0803004c",162,"unknown",false,false
0x08030114,"FUN_08030114",168,"unknown",false,false
0x080301D8,"FUN_080301d8",160,"unknown",false,false
0x08030290,"FUN_08030290",112,"unknown",false,false
0x08030314,"FUN_08030314",118,"unknown",false,false
0x08030390,"FUN_08030390",192,"unknown",false,false
0x08030458,"FUN_08030458",538,"unknown",false,false
0x080306C8,"FUN_080306c8",330,"unknown",false,false
0x0803084C,"FUN_0803084c",18,"unknown",false,false
0x08030860,"FUN_08030860",14,"unknown",false,false
0x08030874,"FUN_08030874",14,"unknown",false,false
0x080308A0,"FUN_080308a0",10,"unknown",false,false
0x080308AC,"FUN_080308ac",56,"unknown",false,false
0x080308EC,"FUN_080308ec",58,"unknown",false,false
0x0803095C,"FUN_0803095c",70,"unknown",false,false
0x080309A8,"FUN_080309a8",36,"unknown",false,false
0x080309D4,"FUN_080309d4",74,"unknown",false,false
0x08030A3C,"FUN_08030a3c",32,"unknown",false,false
0x08030A60,"FUN_08030a60",50,"unknown",false,false
0x08030A9C,"FUN_08030a9c",56,"unknown",false,false
0x08030AE4,"FUN_08030ae4",48,"unknown",false,false
0x08030B1C,"FUN_08030b1c",20,"unknown",false,false
0x08030B34,"FUN_08030b34",12,"unknown",false,false
0x08030B40,"FUN_08030b40",16,"unknown",false,false
0x08030C0C,"FUN_08030c0c",24,"unknown",false,false
0x08030C28,"FUN_08030c28",26,"unknown",false,false
0x08030C4C,"FUN_08030c4c",46,"unknown",false,false
0x08030C80,"FUN_08030c80",44,"unknown",false,false
0x08030CB0,"FUN_08030cb0",2,"unknown",false,false
0x08030CB4,"FUN_08030cb4",62,"unknown",false,false
0x08030D0C,"FUN_08030d0c",58,"unknown",false,false
0x08030D4C,"FUN_08030d4c",46,"unknown",false,false
0x08030D84,"FUN_08030d84",40,"unknown",false,false
0x08030E10,"FUN_08030e10",82,"unknown",false,false
0x08030E78,"FUN_08030e78",26,"unknown",false,false
0x08030EA0,"FUN_08030ea0",10,"unknown",false,false
0x08030EAC,"FUN_08030eac",80,"unknown",false,false
0x08030F28,"FUN_08030f28",26,"unknown",false,false
0x08030F50,"FUN_08030f50",26,"unknown",false,false
0x08030F78,"FUN_08030f78",8,"unknown",false,false
0x08030F84,"FUN_08030f84",12,"unknown",false,false
0x08031034,"FUN_08031034",24,"unknown",false,false
0x08031054,"FUN_08031054",92,"unknown",false,false
0x080310C0,"FUN_080310c0",94,"unknown",false,false
0x08031134,"FUN_08031134",126,"unknown",false,false
0x080311DC,"FUN_080311dc",30,"unknown",false,false
0x08031204,"FUN_08031204",46,"unknown",false,false
0x08031294,"FUN_08031294",116,"unknown",false,false
0x08031328,"FUN_08031328",68,"unknown",false,false
0x08031388,"FUN_08031388",74,"unknown",false,false
0x080313F0,"FUN_080313f0",30,"unknown",false,false
0x08031414,"FUN_08031414",114,"unknown",false,false
0x08031498,"FUN_08031498",144,"unknown",false,false
0x08031578,"FUN_08031578",50,"unknown",false,false
0x080315F8,"FUN_080315f8",30,"unknown",false,false
0x08031618,"FUN_08031618",60,"unknown",false,false
0x08031658,"FUN_08031658",40,"unknown",false,false
0x08031D24,"FUN_08031d24",36,"unknown",false,false
0x08031D54,"FUN_08031d54",42,"unknown",false,false
0x08031DB8,"FUN_08031db8",26,"unknown",false,false
0x08031E18,"FUN_08031e18",30,"unknown",false,false
0x08031E44,"FUN_08031e44",56,"unknown",false,false
0x08031E94,"FUN_08031e94",70,"unknown",false,false
0x08031EEC,"FUN_08031eec",32,"unknown",false,false
0x08031F18,"FUN_08031f18",36,"unknown",false,false
0x08031F48,"FUN_08031f48",92,"unknown",false,false
0x08031FB4,"FUN_08031fb4",50,"unknown",false,false
0x08031FF0,"FUN_08031ff0",22,"unknown",false,false
0x08032058,"FUN_08032058",50,"unknown",false,false
0x08032090,"FUN_08032090",20,"unknown",false,false
0x080320A4,"FUN_080320a4",4,"unknown",false,false
0x080320A8,"FUN_080320a8",8,"unknown",false,false
0x080320B0,"FUN_080320b0",6,"unknown",false,false
0x080320B8,"FUN_080320b8",4,"unknown",false,false
0x080320E0,"FUN_080320e0",92,"unknown",false,false
0x0803214C,"FUN_0803214c",22,"unknown",false,false
0x08032168,"FUN_08032168",70,"unknown",false,false
0x080321BC,"FUN_080321bc",34,"unknown",false,false
0x080321EC,"FUN_080321ec",32,"unknown",false,false
0x0803220C,"FUN_0803220c",118,"unknown",false,false
0x08032290,"FUN_08032290",32,"unknown",false,false
0x080322B0,"FUN_080322b0",6,"unknown",false,false
0x080322B8,"FUN_080322b8",72,"unknown",false,false
0x0803232C,"FUN_0803232c",124,"unknown",false,false
0x080323C0,"FUN_080323c0",94,"unknown",false,false
0x08032434,"FUN_08032434",98,"unknown",false,false
0x080324A4,"FUN_080324a4",74,"unknown",false,false
0x080324FC,"FUN_080324fc",32,"unknown",false,false
0x0803251C,"FUN_0803251c",28,"unknown",false,false
0x08032548,"FUN_08032548",46,"unknown",false,false
0x0803258C,"FUN_0803258c",46,"unknown",false,false
0x080325D0,"FUN_080325d0",48,"unknown",false,false
0x08032608,"FUN_08032608",216,"unknown",false,false
0x080326F8,"FUN_080326f8",180,"unknown",false,false
0x080327C8,"FUN_080327c8",90,"unknown",false,false
0x08032838,"FUN_08032838",446,"unknown",false,false
0x08032A54,"FUN_08032a54",148,"unknown",false,false
0x08032B10,"FUN_08032b10",208,"unknown",false,false
0x08032BFC,"FUN_08032bfc",164,"unknown",false,false
0x08032CC4,"FUN_08032cc4",146,"unknown",false,false
0x08032D74,"FUN_08032d74",120,"unknown",false,false
0x08032E08,"FUN_08032e08",120,"unknown",false,false
0x08032E9C,"FUN_08032e9c",122,"unknown",false,false
0x08032FC4,"FUN_08032fc4",128,"unknown",false,false
0x08033064,"FUN_08033064",430,"unknown",false,false
0x08033264,"FUN_08033264",254,"unknown",false,false
0x080333AC,"FUN_080333ac",572,"unknown",false,false
0x08033674,"FUN_08033674",98,"unknown",false,false
0x080336EC,"FUN_080336ec",52,"unknown",false,false
0x0803372C,"FUN_0803372c",52,"unknown",false,false
0x0803376C,"FUN_0803376c",18,"unknown",false,false
0x0803378C,"FUN_0803378c",10,"unknown",false,false
0x0803379C,"FUN_0803379c",10,"unknown",false,false
0x080337A8,"FUN_080337a8",86,"unknown",false,false
0x08033820,"FUN_08033820",2,"unknown",false,false
0x08033824,"FUN_08033824",46,"unknown",false,false
0x0803385C,"FUN_0803385c",42,"unknown",false,false
0x08033898,"FUN_08033898",2,"unknown",false,false
0x0803389C,"FUN_0803389c",50,"unknown",false,false
0x08033AD8,"FUN_08033ad8",38,"unknown",false,false
0x08033B08,"FUN_08033b08",78,"unknown",false,false
0x08033B74,"FUN_08033b74",34,"unknown",false,false
0x08033BA0,"FUN_08033ba0",12,"unknown",false,false
0x08033BB4,"FUN_08033bb4",28,"unknown",false,false
0x08033BD8,"FUN_08033bd8",168,"unknown",false,false
0x08033C94,"FUN_08033c94",80,"unknown",false,false
0x08033CF4,"FUN_08033cf4",204,"unknown",false,false
0x08033DDC,"FUN_08033ddc",278,"unknown",false,false
0x08033F18,"FUN_08033f18",116,"unknown",false,false
0x08033FA0,"FUN_08033fa0",98,"unknown",false,false
0x08034008,"FUN_08034008",206,"unknown",false,false
0x080340E0,"FUN_080340e0",62,"unknown",false,false
0x08034124,"FUN_08034124",618,"unknown",false,false
0x08034390,"FUN_08034390",748,"unknown",false,false
0x080346C8,"FUN_080346c8",452,"unknown",false,false
0x080348B4,"FUN_080348b4",12,"unknown",false,false
0x080348C0,"FUN_080348c0",20,"unknown",false,false
0x080348D8,"FUN_080348d8",70,"unknown",false,false
0x0803493C,"FUN_0803493c",60,"unknown",false,false
0x08034980,"FUN_08034980",28,"unknown",false,false
0x080349A4,"FUN_080349a4",36,"unknown",false,false
0x080349CC,"FUN_080349cc",82,"unknown",false,false
0x08034A58,"FUN_08034a58",116,"unknown",false,false
0x08034AD8,"FUN_08034ad8",644,"unknown",false,false
0x08034DA8,"FUN_08034da8",142,"unknown",false,false
0x08034E48,"FUN_08034e48",112,"unknown",false,false
0x08034EC8,"FUN_08034ec8",100,"unknown",false,false
0x08034F3C,"FUN_08034f3c",86,"unknown",false,false
0x08034F9C,"FUN_08034f9c",18,"unknown",false,false
0x08034FB0,"FUN_08034fb0",2,"unknown",false,false
0x08034FB4,"FUN_08034fb4",20,"unknown",false,false
0x08034FC8,"FUN_08034fc8",2,"unknown",false,false
0x08034FCC,"FUN_08034fcc",2,"unknown",false,false
0x08034FD0,"FUN_08034fd0",70,"unknown",false,false
0x08035020,"FUN_08035020",50,"unknown",false,false
0x08035058,"FUN_08035058",68,"unknown",false,false
0x080350A8,"FUN_080350a8",80,"unknown",false,false
0x08035108,"FUN_08035108",78,"unknown",false,false
0x08035168,"FUN_08035168",56,"unknown",false,false
0x080351AC,"FUN_080351ac",56,"unknown",false,false
0x08035230,"FUN_08035230",80,"unknown",false,false
0x08035288,"FUN_08035288",54,"unknown",false,false
0x08035318,"FUN_08035318",62,"unknown",false,false
0x0803535C,"FUN_0803535c",84,"unknown",false,false
0x080353BC,"FUN_080353bc",98,"unknown",false,false
0x08035424,"FUN_08035424",278,"unknown",false,false
0x080357CC,"FUN_080357cc",36,"unknown",false,false
0x08035800,"FUN_08035800",46,"unknown",false,false
0x08035848,"FUN_08035848",20,"unknown",false,false
0x08035868,"FUN_08035868",68,"unknown",false,false
0x080358D8,"FUN_080358d8",64,"unknown",false,false
0x08035930,"FUN_08035930",52,"unknown",false,false
0x08035968,"FUN_08035968",154,"unknown",false,false
0x08035CD4,"FUN_08035cd4",2,"unknown",false,false
0x08035CD8,"FUN_08035cd8",50,"unknown",false,false
0x08035D28,"FUN_08035d28",24,"unknown",false,false
0x08035D40,"FUN_08035d40",32,"unknown",false,false
0x08035E38,"FUN_08035e38",76,"unknown",false,false
0x08035E88,"FUN_08035e88",40,"unknown",false,false
0x08035F1C,"FUN_08035f1c",346,"unknown",false,false
0x08036094,"FUN_08036094",304,"unknown",false,false
0x080361D8,"FUN_080361d8",182,"unknown",false,false
0x080362A0,"FUN_080362a0",66,"unknown",false,false
0x080363BC,"FUN_080363bc",80,"unknown",false,false
0x0803640C,"FUN_0803640c",204,"unknown",false,false
0x080364EC,"FUN_080364ec",338,"unknown",false,false
0x08036658,"FUN_08036658",124,"unknown",false,false
0x080366E0,"FUN_080366e0",234,"unknown",false,false
0x080367CC,"FUN_080367cc",134,"unknown",false,false
0x0803685C,"FUN_0803685c",204,"unknown",false,false
0x08036934,"FUN_08036934",264,"unknown",false,false
0x08036A80,"FUN_08036a80",232,"unknown",false,false
0x08036BA0,"FUN_08036ba0",204,"unknown",false,false
0x08036CAC,"FUN_08036cac",1216,"unknown",false,false
0x080372C0,"FUN_080372c0",314,"unknown",false,false
0x080374B0,"FUN_080374b0",178,"unknown",false,false
0x08037564,"FUN_08037564",484,"unknown",false,false
0x08037758,"FUN_08037758",134,"unknown",false,false
0x08037824,"FUN_08037824",254,"unknown",false,false
0x08037A64,"FUN_08037a64",150,"unknown",false,false
0x08037B50,"FUN_08037b50",232,"unknown",false,false
0x08037CE0,"FUN_08037ce0",162,"unknown",false,false
0x08037D98,"FUN_08037d98",222,"unknown",false,false
0x08037E7C,"FUN_08037e7c",82,"unknown",false,false
0x08037EE8,"FUN_08037ee8",34,"unknown",false,false
0x08037F1C,"FUN_08037f1c",6,"unknown",false,false
0x08037F28,"FUN_08037f28",6,"unknown",false,false
0x08037F34,"FUN_08037f34",6,"unknown",false,false
0x08037F40,"FUN_08037f40",6,"unknown",false,false
0x08037F58,"FUN_08037f58",6,"unknown",false,false
0x08037F64,"FUN_08037f64",6,"unknown",false,false
0x08037F70,"FUN_08037f70",6,"unknown",false,false
0x08037FAC,"FUN_08037fac",6,"unknown",false,false
0x08037FB8,"FUN_08037fb8",6,"unknown",false,false
0x08037FC4,"FUN_08037fc4",6,"unknown",false,false
0x08037FD0,"FUN_08037fd0",6,"unknown",false,false
0x08037FDC,"FUN_08037fdc",34,"unknown",false,false
0x08038020,"FUN_08038020",12,"unknown",false,false
0x08038044,"FUN_08038044",26,"unknown",false,false
0x08038084,"FUN_08038084",22,"unknown",false,false
0x080380B4,"FUN_080380b4",22,"unknown",false,false
0x08038108,"FUN_08038108",142,"unknown",false,false
0x080381A4,"FUN_080381a4",84,"unknown",false,false
0x080381F8,"FUN_080381f8",52,"unknown",false,false
0x08038234,"FUN_08038234",22,"unknown",false,false
0x0803824C,"FUN_0803824c",20,"unknown",false,false
0x08038260,"FUN_08038260",54,"unknown",false,false
0x08038358,"FUN_08038358",12,"unknown",false,false
0x08038364,"FUN_08038364",28,"unknown",false,false
0x08038380,"FUN_08038380",32,"unknown",false,false
0x080383A0,"FUN_080383a0",18,"unknown",false,false
0x080383B8,"FUN_080383b8",44,"unknown",false,false
0x080383E8,"FUN_080383e8",56,"unknown",false,false
0x08038440,"FUN_08038440",44,"unknown",false,false
0x0803846C,"FUN_0803846c",102,"unknown",false,false
0x080384F0,"FUN_080384f0",42,"unknown",false,false
0x08038530,"FUN_08038530",56,"unknown",false,false
0x08038584,"FUN_08038584",14,"unknown",false,false
0x08038608,"FUN_08038608",54,"unknown",false,false
0x08038644,"FUN_08038644",56,"unknown",false,false
0x08038680,"FUN_08038680",32,"unknown",false,false
0x080386A8,"FUN_080386a8",232,"unknown",false,false
0x080387E8,"FUN_080387e8",142,"unknown",false,false
0x08038888,"FUN_08038888",170,"unknown",false,false
0x08038944,"FUN_08038944",118,"unknown",false,false
0x080389C0,"FUN_080389c0",126,"unknown",false,false
0x08038A60,"FUN_08038a60",2584,"unknown",false,false
0x080396D2,"FUN_080396d2",14,"unknown",false,false
0x0803A4A2,"FUN_0803a4a2",132,"unknown",false,false
0x0803A53E,"FUN_0803a53e",16,"unknown",false,false
0x0803A554,"FUN_0803a554",84,"unknown",false,false
0x0803ABC4,"FUN_0803abc4",388,"unknown",false,false
0x0803AD6C,"FUN_0803ad6c",182,"unknown",false,false
0x0803AE4C,"FUN_0803ae4c",130,"unknown",false,false
0x0803AEDC,"FUN_0803aedc",188,"unknown",false,false
0x0803AFBC,"FUN_0803afbc",354,"unknown",false,false
0x0803B19C,"FUN_0803b19c",2,"unknown",false,false
0x0803B1A0,"FUN_0803b1a0",174,"unknown",false,false
0x0803B528,"FUN_0803b528",218,"unknown",false,false
0x0803B6C4,"FUN_0803b6c4",160,"unknown",false,false
0x0803BA0C,"FUN_0803ba0c",194,"unknown",false,false
0x0803BAF0,"FUN_0803baf0",410,"unknown",false,false
0x0803BCD0,"FUN_0803bcd0",224,"unknown",false,false
0x0803BDC8,"FUN_0803bdc8",268,"unknown",false,false
0x0803BFE4,"FUN_0803bfe4",74,"unknown",false,false
0x0803C050,"FUN_0803c050",38,"unknown",false,false
0x0803C090,"FUN_0803c090",20,"unknown",false,false
0x0803C0B4,"FUN_0803c0b4",32,"unknown",false,false
0x0803C0E4,"FUN_0803c0e4",130,"unknown",false,false
0x0803C178,"FUN_0803c178",34,"unknown",false,false
0x0803C1AC,"FUN_0803c1ac",6,"unknown",false,false
0x0803C1B4,"FUN_0803c1b4",66,"unknown",false,false
0x0803C20C,"FUN_0803c20c",70,"unknown",false,false
0x0803C268,"FUN_0803c268",80,"unknown",false,false
0x0803C2C4,"FUN_0803c2c4",80,"unknown",false,false
0x0803C320,"FUN_0803c320",84,"unknown",false,false
0x0803C37C,"FUN_0803c37c",78,"unknown",false,false
0x0803C400,"FUN_0803c400",70,"unknown",false,false
0x0803C45C,"FUN_0803c45c",22,"unknown",false,false
0x0803C49C,"FUN_0803c49c",20,"unknown",false,false
0x0803C4B8,"FUN_0803c4b8",20,"unknown",false,false
0x0803C4D4,"FUN_0803c4d4",38,"unknown",false,false
0x0803C53C,"FUN_0803c53c",6,"unknown",false,false
0x0803C544,"FUN_0803c544",18,"unknown",false,false
0x0803C564,"FUN_0803c564",16,"unknown",false,false
0x0803C578,"FUN_0803c578",26,"unknown",false,false
0x0803C594,"FUN_0803c594",32,"unknown",false,false
0x0803C5B4,"FUN_0803c5b4",86,"unknown",false,false
0x0803C62C,"FUN_0803c62c",78,"unknown",false,false
0x0803C698,"FUN_0803c698",28,"unknown",false,false
0x0803C6B8,"FUN_0803c6b8",68,"unknown",false,false
0x0803C708,"FUN_0803c708",48,"unknown",false,false
0x0803C77C,"FUN_0803c77c",16,"unknown",false,false
0x0803C794,"FUN_0803c794",2,"unknown",false,false
0x0803C798,"FUN_0803c798",34,"unknown",false,false
0x0803C7D4,"FUN_0803c7d4",20,"unknown",false,false
0x0803C7EC,"FUN_0803c7ec",64,"unknown",false,false
0x0803C840,"FUN_0803c840",84,"unknown",false,false
0x0803C8A0,"FUN_0803c8a0",84,"unknown",false,false
0x0803C964,"FUN_0803c964",106,"unknown",false,false
0x0803C9F0,"FUN_0803c9f0",80,"unknown",false,false
0x0803CACC,"FUN_0803cacc",60,"unknown",false,false
0x0803CB1C,"FUN_0803cb1c",40,"unknown",false,false
0x0803CB4C,"FUN_0803cb4c",84,"unknown",false,false
0x0803CBB4,"FUN_0803cbb4",10,"unknown",false,false
0x0803CBC4,"FUN_0803cbc4",108,"unknown",false,false
0x0803CC30,"FUN_0803cc30",374,"unknown",false,false
0x0803CDA8,"FUN_0803cda8",164,"unknown",false,false
0x0803CE64,"FUN_0803ce64",684,"unknown",false,false
0x0803D13C,"FUN_0803d13c",198,"unknown",false,false
0x0803D208,"FUN_0803d208",714,"unknown",false,false
0x0803D4E8,"FUN_0803d4e8",668,"unknown",false,false
0x0803D7A4,"FUN_0803d7a4",310,"unknown",false,false
0x0803D8E8,"FUN_0803d8e8",184,"unknown",false,false
0x0803D9A8,"FUN_0803d9a8",162,"unknown",false,false
0x0803DA54,"FUN_0803da54",274,"unknown",false,false
0x0803DB70,"FUN_0803db70",124,"unknown",false,false
0x0803DF34,"FUN_0803df34",190,"unknown",false,false
0x0803DFF8,"FUN_0803dff8",630,"unknown",false,false
0x0803E510,"FUN_0803e510",216,"unknown",false,false
0x0803EB2C,"FUN_0803eb2c",446,"unknown",false,false
0x0803F35C,"FUN_0803f35c",328,"unknown",false,false
0x0803F4BC,"FUN_0803f4bc",342,"unknown",false,false
0x0803F630,"FUN_0803f630",26,"unknown",false,false
0x0803F64C,"FUN_0803f64c",2,"unknown",false,false
0x0803F650,"FUN_0803f650",12,"unknown",false,false
0x0803F65C,"FUN_0803f65c",32,"unknown",false,false
0x0803F69C,"FUN_0803f69c",52,"unknown",false,false
0x0803F6F8,"FUN_0803f6f8",24,"unknown",false,false
0x0803F714,"FUN_0803f714",50,"unknown",false,false
0x0803F74C,"FUN_0803f74c",18,"unknown",false,false
0x0803F764,"FUN_0803f764",32,"unknown",false,false
0x0803F78C,"FUN_0803f78c",62,"unknown",false,false
0x0803F7D4,"FUN_0803f7d4",30,"unknown",false,false
0x0803F89C,"FUN_0803f89c",32,"unknown",false,false
0x0803F8BC,"FUN_0803f8bc",26,"unknown",false,false
0x0803F9A0,"FUN_0803f9a0",36,"unknown",false,false
0x0803F9CC,"FUN_0803f9cc",12,"unknown",false,false
0x0803FA38,"FUN_0803fa38",72,"unknown",false,false
0x0803FA80,"FUN_0803fa80",74,"unknown",false,false
0x0803FACC,"FUN_0803facc",26,"unknown",false,false
0x0803FAE8,"FUN_0803fae8",250,"unknown",false,false
0x0803FBF4,"FUN_0803fbf4",254,"unknown",false,false
0x0803FD10,"FUN_0803fd10",128,"unknown",false,false
0x0803FD94,"FUN_0803fd94",238,"unknown",false,false
0x0803FE88,"FUN_0803fe88",154,"unknown",false,false
0x0803FF38,"FUN_0803ff38",1138,"unknown",false,false
0x08040564,"FUN_08040564",384,"unknown",false,false
0x08040700,"FUN_08040700",478,"unknown",false,false
0x08040904,"FUN_08040904",1042,"unknown",false,false
0x08040D50,"FUN_08040d50",2084,"unknown",false,false
0x08041630,"FUN_08041630",24,"unknown",false,false
0x0804165C,"FUN_0804165c",6,"unknown",false,false
0x08041662,"FUN_08041662",2,"unknown",false,false
0x08041664,"FUN_08041664",16,"unknown",false,false
0x08041678,"FUN_08041678",668,"unknown",false,false
0x080419E0,"FUN_080419e0",420,"unknown",false,false
0x08041BB0,"FUN_08041bb0",172,"unknown",false,false
0x08041C64,"FUN_08041c64",312,"unknown",false,false
0x08041DA8,"FUN_08041da8",63,"unknown",false,false
0x08041DE8,"FUN_08041de8",55,"unknown",false,false
0x08041E24,"FUN_08041e24",108,"unknown",false,false
0x08041E98,"FUN_08041e98",44,"unknown",false,false
0x08041EE0,"FUN_08041ee0",2,"unknown",false,false
0x08041EE4,"FUN_08041ee4",12,"unknown",false,false
0x08041EF0,"FUN_08041ef0",2,"unknown",false,false
0x08041EF4,"FUN_08041ef4",2,"unknown",false,false
0x08041EF8,"FUN_08041ef8",50,"unknown",false,false
0x08041F30,"FUN_08041f30",88,"unknown",false,false
0x08041F8C,"FUN_08041f8c",122,"unknown",false,false
0x08042058,"FUN_08042058",44,"unknown",false,false
0x08042088,"FUN_08042088",40,"unknown",false,false
0x080420F8,"FUN_080420f8",30,"unknown",false,false
0x08042144,"FUN_08042144",92,"unknown",false,false
0x08042434,"FUN_08042434",56,"unknown",false,false
0x08042470,"FUN_08042470",48,"unknown",false,false
0x080424A8,"FUN_080424a8",44,"unknown",false,false
0x080424D8,"FUN_080424d8",14,"unknown",false,false
0x080424EC,"FUN_080424ec",130,"unknown",false,false
0x08042574,"FUN_08042574",174,"unknown",false,false
0x08042628,"FUN_08042628",182,"unknown",false,false
0x080426EC,"FUN_080426ec",132,"unknown",false,false
0x08042784,"FUN_08042784",10,"unknown",false,false
0x08042790,"FUN_08042790",34,"unknown",false,false
0x080427C0,"FUN_080427c0",106,"unknown",false,false
0x0804283C,"FUN_0804283c",34,"unknown",false,false
0x08042864,"FUN_08042864",70,"unknown",false,false
0x080428AC,"FUN_080428ac",10,"unknown",false,false
0x080428B8,"FUN_080428b8",66,"unknown",false,false
0x08042900,"FUN_08042900",54,"unknown",false,false
0x0804293C,"FUN_0804293c",86,"unknown",false,false
0x08042994,"FUN_08042994",54,"unknown",false,false
0x080429CC,"FUN_080429cc",186,"unknown",false,false
0x080457F8,"FUN_080457f8",144,"unknown",false,false
0x08045AA4,"FUN_08045aa4",470,"unknown",false,false
0x08046048,"FUN_08046048",710,"unknown",false,false
0x08046908,"FUN_08046908",388,"unknown",false,false
0x08046AAC,"FUN_08046aac",1020,"unknown",false,false
0x08049E24,"FUN_08049e24",978,"unknown",false,false
0x0804A268,"FUN_0804a268",546,"unknown",false,false
0x0804C278,"FUN_0804c278",42,"unknown",false,false
0x0804C42C,"FUN_0804c42c",502,"unknown",false,false
0x0804C9C8,"FUN_0804c9c8",584,"unknown",false,false
0x0804CC30,"FUN_0804cc30",172,"unknown",false,false
0x0804CCE0,"FUN_0804cce0",184,"unknown",false,false
0x0804CE24,"FUN_0804ce24",128,"unknown",false,false
0x0804CEB4,"FUN_0804ceb4",506,"unknown",false,false
0x0804E310,"FUN_0804e310",282,"unknown",false,false
0x0804E438,"FUN_0804e438",692,"unknown",false,false
0x0804EEAC,"FUN_0804eeac",168,"unknown",false,false
0x0804EF58,"FUN_0804ef58",572,"unknown",false,false
0x0804F778,"FUN_0804f778",600,"unknown",false,false
0x0804FA10,"FUN_0804fa10",44,"unknown",false,false
0x0804FA44,"FUN_0804fa44",54,"unknown",false,false
0x0804FA7C,"FUN_0804fa7c",36,"unknown",false,false
0x0804FAA0,"FUN_0804faa0",72,"unknown",false,false
0x0804FB3C,"FUN_0804fb3c",14,"unknown",false,false
0x0804FBD0,"FUN_0804fbd0",52,"unknown",false,false
0x0804FC48,"FUN_0804fc48",350,"unknown",false,false
0x0804FDDC,"FUN_0804fddc",56,"unknown",false,false
0x0804FFD8,"FUN_0804ffd8",78,"unknown",false,false
0x08050130,"FUN_08050130",58,"unknown",false,false
0x08050190,"FUN_08050190",20,"unknown",false,false
0x080501AC,"FUN_080501ac",20,"unknown",false,false
0x080501C8,"FUN_080501c8",174,"unknown",false,false
0x08050288,"FUN_08050288",92,"unknown",false,false
0x080502F8,"FUN_080502f8",276,"unknown",false,false
0x080504B4,"FUN_080504b4",368,"unknown",false,false
0x0805063C,"FUN_0805063c",436,"unknown",false,false
0x080507F4,"FUN_080507f4",270,"unknown",false,false
0x08050918,"FUN_08050918",24,"unknown",false,false
0x08050934,"FUN_08050934",32,"unknown",false,false
0x08050994,"FUN_08050994",6,"unknown",false,false
0x080509C4,"FUN_080509c4",18,"unknown",false,false
0x080509DC,"FUN_080509dc",6,"unknown",false,false
0x080509E8,"FUN_080509e8",6,"unknown",false,false
0x08050A00,"FUN_08050a00",6,"unknown",false,false
0x08050A0C,"FUN_08050a0c",34,"unknown",false,false
0x08050A8C,"FUN_08050a8c",696,"unknown",false,false
0x08050D80,"FUN_08050d80",616,"unknown",false,false
0x0805102C,"FUN_0805102c",22,"unknown",false,false
0x0805104C,"FUN_0805104c",56,"unknown",false,false
0x08051094,"FUN_08051094",30,"unknown",false,false
0x08051154,"FUN_08051154",324,"unknown",false,false
0x080512B0,"FUN_080512b0",6,"unknown",false,false
0x080512BC,"FUN_080512bc",68,"unknown",false,false
0x08051300,"FUN_08051300",20,"unknown",false,false
0x0805135C,"FUN_0805135c",128,"unknown",false,false
0x080513E0,"FUN_080513e0",110,"unknown",false,false
0x080514C8,"FUN_080514c8",20,"unknown",false,false
0x080514E4,"FUN_080514e4",20,"unknown",false,false
0x08051500,"FUN_08051500",14,"unknown",false,false
0x08051540,"FUN_08051540",122,"unknown",false,false
0x080515D0,"FUN_080515d0",156,"unknown",false,false
0x08051674,"FUN_08051674",672,"unknown",false,false
0x08051960,"FUN_08051960",2,"unknown",false,false
0x08051964,"FUN_08051964",64,"unknown",false,false
0x080519BC,"FUN_080519bc",100,"unknown",false,false
0x08051A2C,"FUN_08051a2c",86,"unknown",false,false
0x08051A90,"FUN_08051a90",326,"unknown",false,false
0x08051BF0,"FUN_08051bf0",266,"unknown",false,false
0x08051D10,"FUN_08051d10",154,"unknown",false,false
0x08051E9C,"FUN_08051e9c",226,"unknown",false,false
0x08052074,"FUN_08052074",324,"unknown",false,false
0x080521C4,"FUN_080521c4",96,"unknown",false,false
0x08052228,"FUN_08052228",1134,"unknown",false,false
0x080526B8,"FUN_080526b8",134,"unknown",false,false
0x08052750,"FUN_08052750",196,"unknown",false,false
0x08052828,"FUN_08052828",324,"unknown",false,false
0x08052988,"FUN_08052988",536,"unknown",false,false
0x08052BBC,"FUN_08052bbc",170,"unknown",false,false
0x08052C68,"FUN_08052c68",126,"unknown",false,false
0x08052CF8,"FUN_08052cf8",222,"unknown",false,false
0x08052DDC,"FUN_08052ddc",154,"unknown",false,false
0x08053030,"FUN_08053030",824,"unknown",false,false
0x080534A8,"FUN_080534a8",410,"unknown",false,false
0x08053650,"FUN_08053650",92,"unknown",false,false
0x080536BC,"FUN_080536bc",212,"unknown",false,false
0x08053794,"FUN_08053794",158,"unknown",false,false
0x08053834,"FUN_08053834",224,"unknown",false,false
0x080539F4,"FUN_080539f4",220,"unknown",false,false
0x08053AD8,"FUN_08053ad8",102,"unknown",false,false
0x08053B44,"FUN_08053b44",420,"unknown",false,false
0x08053D48,"FUN_08053d48",156,"unknown",false,false
0x08053DF8,"FUN_08053df8",138,"unknown",false,false
0x08053E9C,"FUN_08053e9c",196,"unknown",false,false
0x08053F6C,"FUN_08053f6c",120,"unknown",false,false
0x08053FF2,"FUN_08053ff2",2,"unknown",false,false
0x08053FF4,"FUN_08053ff4",264,"unknown",false,false
0x08054118,"FUN_08054118",676,"unknown",false,false
0x080543D0,"FUN_080543d0",122,"unknown",false,false
0x08054450,"FUN_08054450",220,"unknown",false,false
0x08054570,"FUN_08054570",132,"unknown",false,false
0x08054608,"FUN_08054608",170,"unknown",false,false
0x080546CC,"FUN_080546cc",108,"unknown",false,false
0x08054744,"FUN_08054744",148,"unknown",false,false
0x080547E8,"FUN_080547e8",122,"unknown",false,false
0x08054870,"FUN_08054870",1406,"unknown",false,false
0x08054E40,"FUN_08054e40",188,"unknown",false,false
0x08054F1C,"FUN_08054f1c",300,"unknown",false,false
0x08055054,"FUN_08055054",308,"unknown",false,false
0x0805518C,"FUN_0805518c",296,"unknown",false,false
0x080552D4,"FUN_080552d4",24,"unknown",false,false
0x080554C0,"FUN_080554c0",80,"unknown",false,false
0x08055514,"FUN_08055514",110,"unknown",false,false
0x08055590,"FUN_08055590",104,"unknown",false,false
0x080555F8,"FUN_080555f8",62,"unknown",false,false
0x0805564C,"FUN_0805564c",18,"unknown",false,false
0x08055674,"FUN_08055674",38,"unknown",false,false
0x08055720,"FUN_08055720",64,"unknown",false,false
0x08055774,"FUN_08055774",48,"unknown",false,false
0x080557AC,"FUN_080557ac",56,"unknown",false,false
0x080557E8,"FUN_080557e8",84,"unknown",false,false
0x08055888,"FUN_08055888",82,"unknown",false,false
0x080558E4,"FUN_080558e4",108,"unknown",false,false
0x08055954,"FUN_08055954",24,"unknown",false,false
0x08055970,"FUN_08055970",138,"unknown",false,false
0x08055A00,"FUN_08055a00",28,"unknown",false,false
0x08055A24,"FUN_08055a24",58,"unknown",false,false
0x08055A68,"FUN_08055a68",40,"unknown",false,false
0x08055A94,"FUN_08055a94",20,"unknown",false,false
0x08055AA8,"FUN_08055aa8",24,"unknown",false,false
0x08055AC4,"FUN_08055ac4",38,"unknown",false,false
0x08055AF8,"FUN_08055af8",60,"unknown",false,false
0x08055B34,"FUN_08055b34",74,"unknown",false,false
0x08055BBC,"FUN_08055bbc",40,"unknown",false,false
0x08055BE8,"FUN_08055be8",14,"unknown",false,false
0x08055BF8,"FUN_08055bf8",12,"unknown",false,false
0x08055C04,"FUN_08055c04",130,"unknown",false,false
0x08055C8C,"FUN_08055c8c",54,"unknown",false,false
0x08055CC8,"FUN_08055cc8",54,"unknown",false,false
0x08055D08,"FUN_08055d08",12,"unknown",false,false
0x08055D18,"FUN_08055d18",52,"unknown",false,false
0x08055D54,"FUN_08055d54",46,"unknown",false,false
0x08055D90,"FUN_08055d90",92,"unknown",false,false
0x08056048,"FUN_08056048",62,"unknown",false,false
0x080560B4,"FUN_080560b4",136,"unknown",false,false
0x08056144,"FUN_08056144",30,"unknown",false,false
0x080561AC,"FUN_080561ac",14,"unknown",false,false
0x080561C0,"FUN_080561c0",78,"unknown",false,false
0x080562FC,"FUN_080562fc",34,"unknown",false,false
0x08056324,"FUN_08056324",68,"unknown",false,false
0x08056374,"FUN_08056374",62,"unknown",false,false
0x080563BC,"FUN_080563bc",2,"unknown",false,false
0x080563C0,"FUN_080563c0",118,"unknown",false,false
0x0805643C,"FUN_0805643c",108,"unknown",false,false
0x08056508,"FUN_08056508",112,"unknown",false,false
0x08056C80,"FUN_08056c80",84,"unknown",false,false
0x08056D50,"FUN_08056d50",176,"unknown",false,false
0x0805737C,"FUN_0805737c",506,"unknown",false,false
0x08057A04,"FUN_08057a04",156,"unknown",false,false
0x08057AD0,"FUN_08057ad0",138,"unknown",false,false
0x08057B88,"FUN_08057b88",260,"unknown",false,false
0x080593C4,"FUN_080593c4",120,"unknown",false,false
0x0805945C,"FUN_0805945c",262,"unknown",false,false
0x080595A8,"FUN_080595a8",132,"unknown",false,false
0x08059650,"FUN_08059650",206,"unknown",false,false
0x08059818,"FUN_08059818",372,"unknown",false,false
0x0805999C,"FUN_0805999c",176,"unknown",false,false
0x0805A0C0,"FUN_0805a0c0",56,"unknown",false,false
0x0805A1F4,"FUN_0805a1f4",34,"unknown",false,false
0x0805AB78,"FUN_0805ab78",2,"unknown",false,false
0x0805AB7C,"FUN_0805ab7c",20,"unknown",false,false
0x0805AB90,"FUN_0805ab90",70,"unknown",false,false
0x0805ABDC,"FUN_0805abdc",40,"unknown",false,false
0x0805AC10,"FUN_0805ac10",40,"unknown",false,false
0x0805AC44,"FUN_0805ac44",8,"unknown",false,false
0x0805AC50,"FUN_0805ac50",44,"unknown",false,false
0x0805AC94,"FUN_0805ac94",120,"unknown",false,false
0x0805AD10,"FUN_0805ad10",86,"unknown",false,false
0x0805AEFC,"FUN_0805aefc",70,"unknown",false,false
0x0805AF48,"FUN_0805af48",60,"unknown",false,false
0x0805B11C,"FUN_0805b11c",12,"unknown",false,false
0x0805B1C0,"FUN_0805b1c0",62,"unknown",false,false
0x0805B60C,"FUN_0805b60c",56,"unknown",false,false
0x0805B7B4,"FUN_0805b7b4",40,"unknown",false,false
0x0805B7E4,"FUN_0805b7e4",46,"unknown",false,false
0x0805B854,"FUN_0805b854",24,"unknown",false,false
0x0805B94C,"FUN_0805b94c",58,"unknown",false,false
0x0805BEDC,"FUN_0805bedc",66,"unknown",false,false
0x0805C080,"FUN_0805c080",166,"unknown",false,false
0x0805C134,"FUN_0805c134",82,"unknown",false,false
0x0805C190,"FUN_0805c190",282,"unknown",false,false
0x0805C2D8,"FUN_0805c2d8",110,"unknown",false,false
0x0805CEA8,"FUN_0805cea8",4,"unknown",false,false
0x0805CEB4,"FUN_0805ceb4",6,"unknown",false,false
0x0805CEBA,"FUN_0805ceba",16,"unknown",false,false
0x0805CECC,"FUN_0805cecc",68,"unknown",false,false
0x0805CFCC,"FUN_0805cfcc",24,"unknown",false,false
0x0805D0F0,"FUN_0805d0f0",22,"unknown",false,false
0x0805D15C,"FUN_0805d15c",30,"unknown",false,false
0x0805D3E8,"FUN_0805d3e8",36,"unknown",false,false
0x0805D808,"FUN_0805d808",30,"unknown",false,false
0x0805D82C,"FUN_0805d82c",26,"unknown",false,false
0x0805D84C,"FUN_0805d84c",38,"unknown",false,false
0x0805D878,"FUN_0805d878",34,"unknown",false,false
0x0805DA88,"FUN_0805da88",46,"unknown",false,false
0x0805DAC8,"FUN_0805dac8",416,"unknown",false,false
0x0805DCB4,"FUN_0805dcb4",148,"unknown",false,false
0x0805DD58,"FUN_0805dd58",204,"unknown",false,false
0x0805E0B0,"FUN_0805e0b0",96,"unknown",false,false
0x0805E118,"FUN_0805e118",36,"unknown",false,false
0x0805E168,"FUN_0805e168",236,"unknown",false,false
0x0805E28C,"FUN_0805e28c",120,"unknown",false,false
0x0805E61C,"FUN_0805e61c",66,"unknown",false,false
0x0805E6C4,"FUN_0805e6c4",12,"unknown",false,false
0x0805E6D4,"FUN_0805e6d4",6,"unknown",false,false
0x0805E6E0,"FUN_0805e6e0",20,"unknown",false,false
0x0805E700,"FUN_0805e700",178,"unknown",false,false
0x0805E7C8,"FUN_0805e7c8",164,"unknown",false,false
0x0805E9E4,"FUN_0805e9e4",82,"unknown",false,false
0x0805ECAC,"FUN_0805ecac",110,"unknown",false,false
0x0805ED2C,"FUN_0805ed2c",312,"unknown",false,false
0x0805EE84,"FUN_0805ee84",154,"unknown",false,false
0x0805EF40,"FUN_0805ef40",160,"unknown",false,false
0x0805EFF0,"FUN_0805eff0",3542,"unknown",false,false
0x0805FF4A,"FUN_0805ff4a",16,"unknown",false,false
0x0805FF6C,"FUN_0805ff6c",242,"unknown",false,false
0x08060070,"FUN_08060070",148,"unknown",false,false
0x0806012C,"FUN_0806012c",208,"unknown",false,false
0x0806020C,"FUN_0806020c",568,"unknown",false,false
0x08060468,"FUN_08060468",866,"unknown",false,false
0x08060810,"FUN_08060810",730,"unknown",false,false
0x08060B30,"FUN_08060b30",122,"unknown",false,false
0x08060BB0,"FUN_08060bb0",256,"unknown",false,false
0x08060DB4,"FUN_08060db4",306,"unknown",false,false
0x08060EF8,"FUN_08060ef8",98,"unknown",false,false
0x08060F60,"FUN_08060f60",178,"unknown",false,false
0x08061028,"FUN_08061028",220,"unknown",false,false
0x08061128,"FUN_08061128",148,"unknown",false,false
0x080611CC,"FUN_080611cc",350,"unknown",false,false
0x08061334,"FUN_08061334",350,"unknown",false,false
0x0806149C,"FUN_0806149c",344,"unknown",false,false
0x08061658,"FUN_08061658",134,"unknown",false,false
0x08061854,"FUN_08061854",22,"unknown",false,false
0x08061930,"FUN_08061930",534,"unknown",false,false
0x08061B70,"FUN_08061b70",158,"unknown",false,false
0x08061C4C,"FUN_08061c4c",102,"unknown",false,false
0x08061D34,"FUN_08061d34",16,"unknown",false,false
0x08061D58,"FUN_08061d58",102,"unknown",false,false
0x08061DD4,"FUN_08061dd4",20,"unknown",false,false
0x08061EC4,"FUN_08061ec4",110,"unknown",false,false
0x08061F34,"FUN_08061f34",22,"unknown",false,false
0x08061F54,"FUN_08061f54",56,"unknown",false,false
0x08061F9C,"FUN_08061f9c",28,"unknown",false,false
0x08061FBC,"FUN_08061fbc",34,"unknown",false,false
0x08061FE0,"FUN_08061fe0",130,"unknown",false,false
0x0806206C,"FUN_0806206c",20,"unknown",false,false
0x08062134,"FUN_08062134",44,"unknown",false,false
0x08062164,"FUN_08062164",80,"unknown",false,false
0x080621B8,"FUN_080621b8",24,"unknown",false,false
0x080621D8,"FUN_080621d8",18,"unknown",false,false
0x080621F0,"FUN_080621f0",78,"unknown",false,false
0x08062294,"FUN_08062294",26,"unknown",false,false
0x080622B4,"FUN_080622b4",8,"unknown",false,false
0x08062370,"FUN_08062370",2,"unknown",false,false
0x080623E4,"FUN_080623e4",38,"unknown",false,false
0x08062514,"FUN_08062514",22,"unknown",false,false
0x08062530,"FUN_08062530",22,"unknown",false,false
0x0806254C,"FUN_0806254c",72,"unknown",false,false
0x080625A0,"FUN_080625a0",36,"unknown",false,false
0x080625D0,"FUN_080625d0",76,"unknown",false,false
0x0806262C,"FUN_0806262c",36,"unknown",false,false
0x08062654,"FUN_08062654",6,"unknown",false,false
0x08062660,"FUN_08062660",48,"unknown",false,false
0x0806269C,"FUN_0806269c",32,"unknown",false,false
0x080626BC,"FUN_080626bc",84,"unknown",false,false
0x0806279C,"FUN_0806279c",48,"unknown",false,false
0x080627EC,"FUN_080627ec",52,"unknown",false,false
0x08062820,"FUN_08062820",476,"unknown",false,false
0x08062A0C,"FUN_08062a0c",506,"unknown",false,false
0x08062C24,"FUN_08062c24",222,"unknown",false,false
0x08062D3C,"FUN_08062d3c",140,"unknown",false,false
0x08062DD8,"FUN_08062dd8",1132,"unknown",false,false
0x0806360C,"FUN_0806360c",118,"unknown",false,false
0x0806369C,"FUN_0806369c",222,"unknown",false,false
0x08063B2C,"FUN_08063b2c",12,"unknown",false,false
0x08063B38,"FUN_08063b38",48,"unknown",false,false
0x08063B74,"FUN_08063b74",24,"unknown",false,false
0x08063B98,"FUN_08063b98",8,"unknown",false,false
0x08063BA4,"FUN_08063ba4",32,"unknown",false,false
0x08063BCC,"FUN_08063bcc",10,"unknown",false,false
0x08063BD8,"FUN_08063bd8",14,"unknown",false,false
0x08063C88,"FUN_08063c88",24,"unknown",false,false
0x08063CA4,"FUN_08063ca4",60,"unknown",false,false
0x08063CF0,"FUN_08063cf0",54,"unknown",false,false
0x08063D3C,"FUN_08063d3c",24,"unknown",false,false
0x08063DCC,"FUN_08063dcc",24,"unknown",false,false
0x08063E7C,"FUN_08063e7c",38,"unknown",false,false
0x08063EAC,"FUN_08063eac",34,"unknown",false,false
0x08063ED8,"FUN_08063ed8",316,"unknown",false,false
0x08064020,"FUN_08064020",322,"unknown",false,false
0x08064180,"FUN_08064180",374,"unknown",false,false
0x0806430C,"FUN_0806430c",40,"unknown",false,false
0x0806434C,"FUN_0806434c",10,"unknown",false,false
0x0806435C,"FUN_0806435c",120,"unknown",false,false
0x080643D8,"FUN_080643d8",128,"unknown",false,false
0x08064460,"FUN_08064460",126,"unknown",false,false
0x080644E4,"FUN_080644e4",58,"unknown",false,false
0x08064524,"FUN_08064524",104,"unknown",false,false
0x08064590,"FUN_08064590",110,"unknown",false,false
0x08064614,"FUN_08064614",102,"unknown",false,false
0x080646AC,"FUN_080646ac",72,"unknown",false,false
0x080646F8,"FUN_080646f8",38,"unknown",false,false
0x08064724,"FUN_08064724",532,"unknown",false,false
0x0806493C,"FUN_0806493c",1182,"unknown",false,false
0x08064DF8,"FUN_08064df8",2,"unknown",false,false
0x08064DFC,"FUN_08064dfc",282,"unknown",false,false
0x08064F24,"FUN_08064f24",504,"unknown",false,false
0x08065130,"FUN_08065130",166,"unknown",false,false
0x080651E0,"FUN_080651e0",384,"unknown",false,false
0x08065378,"FUN_08065378",92,"unknown",false,false
0x080653D4,"FUN_080653d4",104,"unknown",false,false
0x0806543C,"FUN_0806543c",32,"unknown",false,false
0x0806545C,"FUN_0806545c",62,"unknown",false,false
0x0806549C,"FUN_0806549c",82,"unknown",false,false
0x08065518,"FUN_08065518",32,"unknown",false,false
0x08065568,"FUN_08065568",8,"unknown",false,false
0x08065574,"FUN_08065574",198,"unknown",false,false
0x08065650,"FUN_08065650",132,"unknown",false,false
0x080656F4,"FUN_080656f4",186,"unknown",false,false
0x080657D8,"FUN_080657d8",1848,"unknown",false,false
0x080660D0,"FUN_080660d0",62,"unknown",false,false
0x0806610E,"FUN_0806610e",16,"unknown",false,false
0x08066144,"FUN_08066144",136,"unknown",false,false
0x0806620C,"FUN_0806620c",270,"unknown",false,false
0x080663E8,"FUN_080663e8",40,"unknown",false,false
0x08066414,"FUN_08066414",48,"unknown",false,false
0x08066454,"FUN_08066454",64,"unknown",false,false
0x080664A4,"FUN_080664a4",6,"unknown",false,false
0x080664AC,"FUN_080664ac",20,"unknown",false,false
0x080664C4,"FUN_080664c4",32,"unknown",false,false
0x080664F0,"FUN_080664f0",34,"unknown",false,false
0x08066540,"FUN_08066540",22,"unknown",false,false
0x08066568,"FUN_08066568",130,"unknown",false,false
0x0806660C,"FUN_0806660c",264,"unknown",false,false
0x0806673C,"FUN_0806673c",82,"unknown",false,false
0x08066798,"FUN_08066798",190,"unknown",false,false
0x0806686C,"FUN_0806686c",126,"unknown",false,false
0x08066904,"FUN_08066904",284,"unknown",false,false
0x08066A40,"FUN_08066a40",16,"unknown",false,false
0x08066A54,"FUN_08066a54",54,"unknown",false,false
0x08066AA8,"FUN_08066aa8",146,"unknown",false,false
0x08066B40,"FUN_08066b40",298,"unknown",false,false
0x08066C94,"FUN_08066c94",174,"unknown",false,false
0x08066D54,"FUN_08066d54",22,"unknown",false,false
0x08066ED0,"FUN_08066ed0",32,"unknown",false,false
0x08067014,"FUN_08067014",364,"unknown",false,false
0x08067184,"FUN_08067184",38,"unknown",false,false
0x080671B8,"FUN_080671b8",22,"unknown",false,false
0x080671D4,"FUN_080671d4",22,"unknown",false,false
0x080671F0,"FUN_080671f0",22,"unknown",false,false
0x08067228,"FUN_08067228",22,"unknown",false,false
0x08067244,"FUN_08067244",22,"unknown",false,false
0x08067260,"FUN_08067260",16,"unknown",false,false
0x08067274,"FUN_08067274",56,"unknown",false,false
0x080672B8,"FUN_080672b8",56,"unknown",false,false
0x080672FC,"FUN_080672fc",110,"unknown",false,false
0x08067370,"FUN_08067370",2,"unknown",false,false
0x08067374,"FUN_08067374",22,"unknown",false,false
0x08067390,"FUN_08067390",22,"unknown",false,false
0x080673C4,"FUN_080673c4",22,"unknown",false,false
0x080673E0,"FUN_080673e0",22,"unknown",false,false
0x08067404,"FUN_08067404",18,"unknown",false,false
0x080674B0,"FUN_080674b0",110,"unknown",false,false
0x08067524,"FUN_08067524",68,"unknown",false,false
0x08067578,"FUN_08067578",72,"unknown",false,false
0x080675F8,"FUN_080675f8",66,"unknown",false,false
0x08067644,"FUN_08067644",662,"unknown",false,false
0x08067908,"FUN_08067908",730,"unknown",false,false
0x08067C10,"FUN_08067c10",146,"unknown",false,false
0x08067CB8,"FUN_08067cb8",178,"unknown",false,false
0x08067D80,"FUN_08067d80",52,"unknown",false,false
0x08067FEC,"FUN_08067fec",240,"unknown",false,false
0x080681E0,"FUN_080681e0",240,"unknown",false,false
0x0806891C,"FUN_0806891c",3500,"unknown",false,false
0x0806989C,"FUN_0806989c",360,"unknown",false,false
0x0806B84C,"FUN_0806b84c",4,"unknown",false,false
0x0806B850,"FUN_0806b850",4,"unknown",false,false
0x0806B854,"FUN_0806b854",4,"unknown",false,false
0x0806B858,"FUN_0806b858",4,"unknown",false,false
0x0806B85C,"FUN_0806b85c",4,"unknown",false,false
0x0806B860,"FUN_0806b860",4,"unknown",false,false
0x0806B864,"FUN_0806b864",4,"unknown",false,false
0x0806B868,"FUN_0806b868",24,"unknown",false,false
0x0806B880,"FUN_0806b880",4,"unknown",false,false
0x0806B884,"FUN_0806b884",6,"unknown",false,false
0x0806B88C,"FUN_0806b88c",370,"unknown",false,false
0x0806BA18,"FUN_0806ba18",226,"unknown",false,false
0x0806BB04,"FUN_0806bb04",84,"unknown",false,false
0x0806BB60,"FUN_0806bb60",78,"unknown",false,false
0x0806BBB8,"FUN_0806bbb8",66,"unknown",false,false
0x0806BBFC,"FUN_0806bbfc",188,"unknown",false,false
0x0806BCD0,"LibraryAssertWrapper0",16,"unknown",false,false
0x0806BCE0,"LibraryAssertWrapper1",16,"unknown",false,false
0x0806BCF0,"LibraryAssertHandler",56,"unknown",false,false
0x0806BD34,"FUN_0806bd34",46,"unknown",false,false
0x0806BD7C,"FUN_0806bd7c",94,"unknown",false,false
0x0806BDFC,"FUN_0806bdfc",162,"unknown",false,false
0x0806BEAC,"FUN_0806beac",20,"unknown",false,false
0x0806BEC0,"FUN_0806bec0",328,"unknown",false,false
0x0806C020,"FUN_0806c020",76,"unknown",false,false
0x0806C078,"FUN_0806c078",62,"unknown",false,false
0x0806C0B8,"FUN_0806c0b8",2,"unknown",false,false
0x0806C0BC,"FUN_0806c0bc",2,"unknown",false,false
0x0806C0C0,"FUN_0806c0c0",2,"unknown",false,false
0x0806C0C4,"FUN_0806c0c4",2,"unknown",false,false
0x0806C0C8,"FUN_0806c0c8",2,"unknown",false,false
0x0806C0CC,"FUN_0806c0cc",2,"unknown",false,false
0x0806C0D0,"FUN_0806c0d0",2,"unknown",false,false
0x0806C0D8,"FUN_0806c0d8",2,"unknown",false,false
0x0806C0F4,"FUN_0806c0f4",146,"unknown",false,false
0x0806C188,"FUN_0806c188",2,"unknown",false,false
0x0806C18C,"FUN_0806c18c",206,"unknown",false,false
0x0806C25C,"FUN_0806c25c",120,"unknown",false,false
0x0806C2D4,"FUN_0806c2d4",192,"unknown",false,false
0x0806C394,"FUN_0806c394",172,"unknown",false,false
0x0806C450,"FUN_0806c450",122,"unknown",false,false
0x0806C6B8,"FUN_0806c6b8",350,"unknown",false,false
0x0806C820,"FUN_0806c820",232,"unknown",false,false
0x0806CBEC,"FUN_0806cbec",88,"unknown",false,false
0x0806CC4C,"FUN_0806cc4c",102,"unknown",false,false
0x0806CD28,"FUN_0806cd28",112,"unknown",false,false
0x0806CD9C,"FUN_0806cd9c",280,"unknown",false,false
0x0806CEE8,"FUN_0806cee8",194,"unknown",false,false
0x0806CFC4,"FUN_0806cfc4",608,"unknown",false,false
0x0806D234,"FUN_0806d234",52,"unknown",false,false
0x0806D268,"FUN_0806d268",60,"unknown",false,false
0x0806D2A4,"FUN_0806d2a4",660,"unknown",false,false
0x0806D550,"FUN_0806d550",382,"unknown",false,false
0x0806D6DC,"FUN_0806d6dc",258,"unknown",false,false
0x0806D810,"FUN_0806d810",78,"unknown",false,false
0x0806D860,"FUN_0806d860",78,"unknown",false,false
0x0806D8B0,"FUN_0806d8b0",80,"unknown",false,false
0x0806D900,"FUN_0806d900",80,"unknown",false,false
0x0806D950,"FUN_0806d950",78,"unknown",false,false
0x0806D9A0,"FUN_0806d9a0",78,"unknown",false,false
0x0806D9F0,"FUN_0806d9f0",114,"unknown",false,false
0x0806DA70,"FUN_0806da70",110,"unknown",false,false
0x0806DAE4,"FUN_0806dae4",40,"unknown",false,false
0x0806DB7C,"FUN_0806db7c",54,"unknown",false,false
0x0806DBB4,"FUN_0806dbb4",26,"unknown",false,false
0x0806DBD0,"FUN_0806dbd0",98,"unknown",false,false
0x0806DC34,"FUN_0806dc34",140,"unknown",false,false
0x0806DCC0,"FUN_0806dcc0",86,"unknown",false,false
0x0806DD18,"FUN_0806dd18",86,"unknown",false,false
0x0806DD78,"FUN_0806dd78",70,"unknown",false,false
0x0806DDC8,"FUN_0806ddc8",62,"unknown",false,false
0x0806DE10,"FUN_0806de10",108,"unknown",false,false
0x0806DE84,"FUN_0806de84",22,"unknown",false,false
0x0806DEA0,"FUN_0806dea0",48,"unknown",false,false
0x0806DED8,"FUN_0806ded8",34,"unknown",false,false
0x0806DEFC,"FUN_0806defc",114,"unknown",false,false
0x0806DF74,"FUN_0806df74",24,"unknown",false,false
0x0806DF8C,"FUN_0806df8c",184,"unknown",false,false
0x0806E044,"FUN_0806e044",1186,"unknown",false,false
0x0806EBB4,"thunk_FUN_0806edfc",1,"unknown",false,true
0x0806EDFC,"FUN_0806edfc",180,"unknown",false,false
0x0806EEB0,"FUN_0806eeb0",24,"unknown",false,false
0x0806EEC8,"FUN_0806eec8",20,"unknown",false,false
0x0806EEDC,"FUN_0806eedc",20,"unknown",false,false
0x0806EEF0,"FUN_0806eef0",238,"unknown",false,false
0x0806EFE8,"FUN_0806efe8",12,"unknown",false,false
0x0806EFF4,"FUN_0806eff4",101,"unknown",false,false
0x0806F05C,"FUN_0806f05c",170,"unknown",false,false
0x0806F10C,"FUN_0806f10c",340,"unknown",false,false
0x0806F26C,"FUN_0806f26c",2944,"unknown",false,false
0x0806FF56,"FUN_0806ff56",16,"unknown",false,false
0x0806FF68,"FUN_0806ff68",138,"unknown",false,false
0x08070000,"FUN_08070000",44,"unknown",false,false
0x0807003C,"FUN_0807003c",52,"unknown",false,false
0x080700E8,"FUN_080700e8",12,"unknown",false,false
0x080700F8,"FUN_080700f8",14,"unknown",false,false
0x0807010C,"FUN_0807010c",96,"unknown",false,false
0x08070170,"FUN_08070170",410,"unknown",false,false
0x08070334,"FUN_08070334",174,"unknown",false,false
0x080703F8,"FUN_080703f8",558,"unknown",false,false
0x08070628,"FUN_08070628",68,"unknown",false,false
0x0807066C,"FUN_0807066c",52,"unknown",false,false
0x080706AC,"FUN_080706ac",4,"unknown",false,false
0x080706B4,"FUN_080706b4",20,"unknown",false,false
0x080706CC,"FUN_080706cc",14,"unknown",false,false
0x080706E0,"FUN_080706e0",212,"unknown",false,false
0x080707C0,"FUN_080707c0",306,"unknown",false,false
0x08070920,"FUN_08070920",910,"unknown",false,false
0x08070CE4,"FUN_08070ce4",42,"unknown",false,false
0x08070D10,"FUN_08070d10",122,"unknown",false,false
0x08070D94,"FUN_08070d94",2,"unknown",false,false
0x08070D98,"FUN_08070d98",2,"unknown",false,false
0x08070D9C,"FUN_08070d9c",90,"unknown",false,false
0x08070DF8,"FUN_08070df8",24,"unknown",false,false
0x08070E10,"FUN_08070e10",152,"unknown",false,false
0x08070EAC,"FUN_08070eac",134,"unknown",false,false
0x08070F34,"FUN_08070f34",82,"unknown",false,false
0x08070F8C,"FUN_08070f8c",124,"unknown",false,false
0x08071010,"FUN_08071010",22,"unknown",false,false
0x08071028,"FUN_08071028",362,"unknown",false,false
0x08071198,"FUN_08071198",146,"unknown",false,false
0x08071234,"FUN_08071234",162,"unknown",false,false
0x080712D8,"FUN_080712d8",66,"unknown",false,false
0x0807131C,"FUN_0807131c",240,"unknown",false,false
0x08071410,"FUN_08071410",72,"unknown",false,false
0x08071460,"FUN_08071460",178,"unknown",false,false
0x08071520,"FUN_08071520",216,"unknown",false,false
0x0807160C,"FUN_0807160c",84,"unknown",false,false
0x08071660,"FUN_08071660",48,"unknown",false,false
0x080716E8,"FUN_080716e8",42,"unknown",false,false
0x08071718,"FUN_08071718",50,"unknown",false,false
0x08071750,"FUN_08071750",62,"unknown",false,false
0x08071794,"FUN_08071794",62,"unknown",false,false
0x080717EC,"FUN_080717ec",26,"unknown",false,false
0x0807180C,"FUN_0807180c",56,"unknown",false,false
0x08071858,"FUN_08071858",96,"unknown",false,false
0x080718CC,"FUN_080718cc",22,"unknown",false,false
0x080718E4,"FUN_080718e4",24,"unknown",false,false
0x080718FC,"FUN_080718fc",26,"unknown",false,false
0x08071918,"FUN_08071918",38,"unknown",false,false
0x08071940,"FUN_08071940",70,"unknown",false,false
0x0807198C,"FUN_0807198c",132,"unknown",false,false
0x08071A14,"FUN_08071a14",14,"unknown",false,false
0x08071A24,"FUN_08071a24",38,"unknown",false,false
0x08071A4C,"FUN_08071a4c",76,"unknown",false,false
0x08071A9C,"FUN_08071a9c",156,"unknown",false,false
0x08071B54,"FUN_08071b54",50,"unknown",false,false
0x08071B8C,"FUN_08071b8c",14,"unknown",false,false
0x08071BE0,"FUN_08071be0",52,"unknown",false,false
0x08071C20,"FUN_08071c20",10,"unknown",false,false
0x08071C38,"FUN_08071c38",48,"unknown",false,false
0x08071C68,"FUN_08071c68",38,"unknown",false,false
0x08071C90,"FUN_08071c90",46,"unknown",false,false
0x08071CC4,"FUN_08071cc4",92,"unknown",false,false
0x08071D20,"FUN_08071d20",42,"unknown",false,false
0x08071D50,"FUN_08071d50",6,"unknown",false,false
0x08071D5C,"FUN_08071d5c",44,"unknown",false,false
0x08071D8C,"FUN_08071d8c",26,"unknown",false,false
0x08071DAC,"FUN_08071dac",4,"unknown",false,false
0x08071DB4,"FUN_08071db4",46,"unknown",false,false
0x08071DE8,"FUN_08071de8",46,"unknown",false,false
